<metadata>
	<idinfo>
		<citation>
			<citeinfo>
				<origin>Minnesota Pollution Control Agency</origin>
				<title>Impaired Beaches, Minnesota, 2014 (Final)</title>
				<pubinfo>
					<publish>Minnesota Pollution Control Agency</publish>
				</pubinfo>
				<pubdate>20180529</pubdate>
			</citeinfo>
		</citation>
		<descript>
			<abstract>This is a set of the impaired beaches as determined by MPCA's surface water quality assessment process in 2012 and 2013 for the 2014 reporting cycle to US Environmental Protection Agency (EPA). The impairments on beaches included in the dataset were approved by EPA on May 29th, 2018. These beaches are a subset and enhancement of the 1:24,000 scale National Hydrography Dataset (NHD). In cases where the NHD does not include a feature that MPCA has assessed, a feature is added by MPCA. Since the impaired beaches are a small subset of the NHD, only that subset is included in the dataset. This dataset includes impaired beaches that have not yet had a TMDL plan approved by the US EPA.</abstract>
			<purpose>These data are intended to be used for planning, informational, and cartographic purposes related to surface water quality in Minnesota.</purpose>
			<supplinf>State of Minnesota</supplinf>
		</descript>
		<crossref>
			<citeinfo>
				<title>Detailed information regarding the impaired waterbodies is available in spreadsheet form here: http://www.pca.state.mn.us/index.php/view-document.html?gid=20205</title>
			</citeinfo>
		</crossref>
		<timeperd>
			<current>These data reflect the state of the MPCA's surface water assessment database as of the dataset publication date.</current>
			<timeinfo>
				<sngdate>
					<caldate>20180529</caldate>
				</sngdate>
			</timeinfo>
		</timeperd>
		<status>
			<progress>Complete</progress>
			<update>None Planned</update>
		</status>
		<keywords>
			<theme>
				<themekt>ISO 19115</themekt>
				<themekey>inlandWaters, surface water, water chemistry, water quality</themekey>
			</theme>
			<place>
				<placekey>Minnesota</placekey>
			</place>
		</keywords>
		<accconst>None</accconst>
		<spdom>
			<bounding>
				<westbc>189777.15</westbc>
				<eastbc>727255.82</eastbc>
				<northbc>5436176.49</northbc>
				<southbc>4816310.34</southbc>
			</bounding>
		</spdom>
		<ptcontac>
			<cntinfo>
				<cntperp>
					<cntorg>Minnesota Pollution Control Agency</cntorg>
					<cntper>Kristofor Parson</cntper>
				</cntperp>
				<cntpos>Data Specialist</cntpos>
				<cntaddr>
					<addrtype>Mailing and Physical</addrtype>
					<address>525 S. Lake Ave.</address>
					<city>Duluth</city>
					<state>MN</state>
					<postal>55802</postal>
				</cntaddr>
				<cntvoice>218-302-6622</cntvoice>
				<cntemail>kristofor.parson@state.mn.us</cntemail>
			</cntinfo>
		</ptcontac>
	</idinfo>
	<eainfo>
		<detailed Name="impaired_2014_beaches">
			<enttyp>
				<enttypl>impaired_2014_beaches_final</enttypl>
				<enttypt Sync="TRUE">Feature Class</enttypt>
				<enttypc Sync="TRUE">0</enttypc>
			</enttyp>
			<attr>
				<attrlabl Sync="TRUE">FID</attrlabl>
				<attalias Sync="TRUE">FID</attalias>
				<attrtype Sync="TRUE">OID</attrtype>
				<attwidth Sync="TRUE">4</attwidth>
				<atprecis Sync="TRUE">0</atprecis>
				<attscale Sync="TRUE">0</attscale>
				<attrdef Sync="TRUE">Internal feature number.</attrdef>
				<attrdefs Sync="TRUE">Esri</attrdefs>
				<attrdomv>
					<udom Sync="TRUE">Sequential unique whole numbers that are automatically generated.</udom>
				</attrdomv>
			</attr>
			<attr>
				<attrlabl>Shape</attrlabl>
				<attrdef>Feature geometry.</attrdef>
				<attrdefs>Esri</attrdefs>
				<attrdomv>
					<udom>Coordinates defining the features.</udom>
				</attrdomv>
				<attalias Sync="TRUE">Shape</attalias>
				<attrtype Sync="TRUE">Geometry</attrtype>
				<attwidth Sync="TRUE">0</attwidth>
				<atprecis Sync="TRUE">0</atprecis>
				<attscale Sync="TRUE">0</attscale>
			</attr>
			<attr>
				<attrlabl>AUID</attrlabl>
				<attalias Sync="TRUE">AUID</attalias>
				<attrtype Sync="TRUE">String</attrtype>
				<attwidth Sync="TRUE">12</attwidth>
				<atprecis Sync="TRUE">0</atprecis>
				<attscale Sync="TRUE">0</attscale>
			</attr>
			<attr>
				<attrlabl>NAME</attrlabl>
				<attalias Sync="TRUE">NAME</attalias>
				<attrtype Sync="TRUE">String</attrtype>
				<attwidth Sync="TRUE">100</attwidth>
				<atprecis Sync="TRUE">0</atprecis>
				<attscale Sync="TRUE">0</attscale>
			</attr>
			<attr>
				<attrlabl>LOC_DESC</attrlabl>
				<attalias Sync="TRUE">LOC_DESC</attalias>
				<attrtype Sync="TRUE">String</attrtype>
				<attwidth Sync="TRUE">120</attwidth>
				<atprecis Sync="TRUE">0</atprecis>
				<attscale Sync="TRUE">0</attscale>
			</attr>
			<attr>
				<attrlabl>CAT</attrlabl>
				<attalias Sync="TRUE">CAT</attalias>
				<attrtype Sync="TRUE">String</attrtype>
				<attwidth Sync="TRUE">3</attwidth>
				<atprecis Sync="TRUE">0</atprecis>
				<attscale Sync="TRUE">0</attscale>
			</attr>
			<attr>
				<attrlabl>AFFECTED_U</attrlabl>
				<attalias Sync="TRUE">AFFECTED_U</attalias>
				<attrtype Sync="TRUE">String</attrtype>
				<attwidth Sync="TRUE">254</attwidth>
				<atprecis Sync="TRUE">0</atprecis>
				<attscale Sync="TRUE">0</attscale>
			</attr>
			<attr>
				<attrlabl>NOPLN</attrlabl>
				<attalias Sync="TRUE">NOPLN</attalias>
				<attrtype Sync="TRUE">String</attrtype>
				<attwidth Sync="TRUE">254</attwidth>
				<atprecis Sync="TRUE">0</atprecis>
				<attscale Sync="TRUE">0</attscale>
			</attr>
			<attr>
				<attrlabl>APPROVED</attrlabl>
				<attalias Sync="TRUE">APPROVED</attalias>
				<attrtype Sync="TRUE">String</attrtype>
				<attwidth Sync="TRUE">254</attwidth>
				<atprecis Sync="TRUE">0</atprecis>
				<attscale Sync="TRUE">0</attscale>
			</attr>
			<attr>
				<attrlabl>NEEDSPLN</attrlabl>
				<attalias Sync="TRUE">NEEDSPLN</attalias>
				<attrtype Sync="TRUE">String</attrtype>
				<attwidth Sync="TRUE">254</attwidth>
				<atprecis Sync="TRUE">0</atprecis>
				<attscale Sync="TRUE">0</attscale>
			</attr>
			<attr>
				<attrlabl>IMPAIR_PAR</attrlabl>
				<attalias Sync="TRUE">IMPAIR_PAR</attalias>
				<attrtype Sync="TRUE">String</attrtype>
				<attwidth Sync="TRUE">254</attwidth>
				<atprecis Sync="TRUE">0</atprecis>
				<attscale Sync="TRUE">0</attscale>
			</attr>
			<attr>
				<attrlabl>NEW_2014</attrlabl>
				<attalias Sync="TRUE">NEW_2014</attalias>
				<attrtype Sync="TRUE">String</attrtype>
				<attwidth Sync="TRUE">50</attwidth>
				<atprecis Sync="TRUE">0</atprecis>
				<attscale Sync="TRUE">0</attscale>
			</attr>
			<attr>
				<attrlabl>HUC8</attrlabl>
				<attalias Sync="TRUE">HUC8</attalias>
				<attrtype Sync="TRUE">String</attrtype>
				<attwidth Sync="TRUE">8</attwidth>
				<atprecis Sync="TRUE">0</atprecis>
				<attscale Sync="TRUE">0</attscale>
			</attr>
			<attr>
				<attrlabl>HUC8_NAME</attrlabl>
				<attalias Sync="TRUE">HUC8_NAME</attalias>
				<attrtype Sync="TRUE">String</attrtype>
				<attwidth Sync="TRUE">50</attwidth>
				<atprecis Sync="TRUE">0</atprecis>
				<attscale Sync="TRUE">0</attscale>
			</attr>
			<attr>
				<attrlabl>HUC4</attrlabl>
				<attalias Sync="TRUE">HUC4</attalias>
				<attrtype Sync="TRUE">String</attrtype>
				<attwidth Sync="TRUE">10</attwidth>
				<atprecis Sync="TRUE">0</atprecis>
				<attscale Sync="TRUE">0</attscale>
			</attr>
			<attr>
				<attrlabl>BASIN</attrlabl>
				<attalias Sync="TRUE">BASIN</attalias>
				<attrtype Sync="TRUE">String</attrtype>
				<attwidth Sync="TRUE">50</attwidth>
				<atprecis Sync="TRUE">0</atprecis>
				<attscale Sync="TRUE">0</attscale>
			</attr>
			<attr>
				<attrlabl>ALL_COUNTI</attrlabl>
				<attalias Sync="TRUE">ALL_COUNTI</attalias>
				<attrtype Sync="TRUE">String</attrtype>
				<attwidth Sync="TRUE">55</attwidth>
				<atprecis Sync="TRUE">0</atprecis>
				<attscale Sync="TRUE">0</attscale>
			</attr>
			<attr>
				<attrlabl>WDWMO_NAME</attrlabl>
				<attalias Sync="TRUE">WDWMO_NAME</attalias>
				<attrtype Sync="TRUE">String</attrtype>
				<attwidth Sync="TRUE">150</attwidth>
				<atprecis Sync="TRUE">0</atprecis>
				<attscale Sync="TRUE">0</attscale>
			</attr>
			<attr>
				<attrlabl>WDWMO_TYPE</attrlabl>
				<attalias Sync="TRUE">WDWMO_TYPE</attalias>
				<attrtype Sync="TRUE">String</attrtype>
				<attwidth Sync="TRUE">30</attwidth>
				<atprecis Sync="TRUE">0</atprecis>
				<attscale Sync="TRUE">0</attscale>
			</attr>
			<attr>
				<attrlabl>E_coli</attrlabl>
				<attalias Sync="TRUE">E_coli</attalias>
				<attrtype Sync="TRUE">String</attrtype>
				<attwidth Sync="TRUE">20</attwidth>
				<atprecis Sync="TRUE">0</atprecis>
				<attscale Sync="TRUE">0</attscale>
			</attr>
			<attr>
				<attrlabl>SHAPE_Leng</attrlabl>
				<attalias Sync="TRUE">SHAPE_Leng</attalias>
				<attrtype Sync="TRUE">Double</attrtype>
				<attwidth Sync="TRUE">19</attwidth>
				<atprecis Sync="TRUE">0</atprecis>
				<attscale Sync="TRUE">0</attscale>
			</attr>
			<attr>
				<attrlabl Sync="TRUE">Shape_Le_1</attrlabl>
				<attalias Sync="TRUE">Shape_Le_1</attalias>
				<attrtype Sync="TRUE">Double</attrtype>
				<attwidth Sync="TRUE">19</attwidth>
				<atprecis Sync="TRUE">0</atprecis>
				<attscale Sync="TRUE">0</attscale>
			</attr>
		</detailed>
		<overview>
			<eaover>All beaches contained in this shapefile are on the 2014 Impaired Waters List prepared by the Minnesota Pollution Control Agency.

AUID:  Assessment Unit ID, a waterbody identifer that is the WBD eight digit watershed code and the three digit reach number. This AUID constitutes a unique identifer for each reach in the dataset.

NAME: Name of the beach associated with the AUID.

LOC_DESC: The coordinates of the start and end points of the beach.

CAT: EPA Consolidation Assessment and Listing Methodology [CALM] category, which integrates the 305(b) Report with the 303(d) TMDL List. 
   The five categories in CALM are as follows: 
   Category 1: all designated uses are meeting water quality standards. 
   Category 2: some uses are meeting water quality standards and there are insufficient data to assess other uses. 
   Category 3: there are insufficient data to assess any uses. 
   Category 4: at least one use is impaired, but a TMDL is not required.
   Category 5: at least one use is impaired and a TMDL is required. These become the List of impaired waters. 

A reach can only be placed into one Category. For example, if a reach is impaired for one pollutant but the other uses are being  met, and a TMDL is required, that reach would be placed into Category 5. Furthermore, if the reach is impaired for more than one pollutant, the reach must stay in Category 5 until ALL pollutants have EPA-approved TMDL plans. 

For 'bookkeeping' purposes, these Categories can be sub-divided. Category 4 has the following four sub-categories: 
   4A: Impaired, but a TMDL study has been approved by EPA. 
   4B: Impaired, but a TMDL study is not required because water quality standards are expected to be met in the near future. 
   4C: Impaired, but a TMDL study is not required because the impairment is not caused by a pollutant. 
   4D: An assessment unit is impaired or threatened but doesn't require a TMDL because the impairment is due to natural conditions with only insignificant anthropogenic influence. To be considered 'insignificant', the elimination of the anthropogenic influence would not lead to the attainment of water quality standards and it would not be included in formal pollution reduction goal-setting  activities. A reach-specific water quality standard based on local natural conditions has yet to be determined. Upon determination,    the assessment unit will be considered non-impaired for the natural conditions and re-categorized to an appropriate category. 
   4E: Impaired or threatened but existing data indicates a TMDL is not required because impairment is solely a result of natural    sources; a final determination of Category 4D will be made in the next assessment cycle pending confirmation from additional information (i.e. water quality or land use). 

Category 5 has the following three sub-categories: 
   5A: Impaired by multiple pollutants and no TMDL study plans are approved by EPA. 
   5B: Impaired by multiple pollutants and at least one TMDL study plan is approved by EPA. 
   5C: Impaired by one pollutant and no TMDL study plan is approved by EPA.

AFFECTED_U:  Impaired Use(s)
   Values: 
     AQR: Aquatic Recreation

NOPLN: The parameter(s) for which no TMDL plans is required.
   Values:

APPROVED: The parameter(s) for which TMDL plans have been approved.
   Values:
   
NEEDSPLN: The pollutant(s) for which TMDL plans must be developed and approved.
   Values:
     E.coli: Escherichia coli

IMPAIR_PAR: Parameters listed in APPROVED and NEEDSPLN that cause the stream to be impaired.

NEW_2014: Parameters proposed to be listed for the first time in 2014.
   Values:
     E.coli: Escherichia coli
    
HUC8: The numeric code of the 8 digit Watershed Boundary Dataset (WBD) polygon that this waterbody is primarily associated with.

HUC8_NAME: The name of the DNR major watershed that this waterbody is primarily associated with.

HUC4: The numeric code of the 4 digit Watershed Boundary Dataset (WBD) polygon that this waterbody is primarily associated with.

BASIN: The name of the basin (HUC4) in which this waterbody is located.

ALL_COUNTIES: The name of the counties that this waterbody intersects.

WDWMO_NAME: The name of Watershed District(s) or Watershed Management Organization(s) that intersect this waterbody.

WDWMO_TYPE: The type(s) of WDWMO that intersect this polygon.
     Values:
       COU: County
       WD: Watershed District
       WMO: Watershed Management Organization

E_coli: The target start year for a TMDL addressing Escherichia coli. The attribute also indicates cases with an approved TMDL or a natural background impairment.</eaover>
		</overview>
	</eainfo>
	<dataqual>
		<logic>These data have been audited to ensure every beach included in the draft 2014 list of impaired waters has a corresponding feature within this spatial dataset. Date of test: 11/25/2013</logic>
		<complete>These data contain a feature for every beach in the draft impaired waters dataset. High-resolution NHD is the primary dataset from which these features are drawn. </complete>
		<posacc>
			<horizpa>
				<horizpar>Statements of horizontal positional accuracy are based on accuracy statements made for U.S. Geological Survey topographic quadrangle maps.  These maps were compiled to meet National Map Accuracy Standards.  For horizontal accuracy, this standard is met if at least 90 percent of points tested are within 0.02 inch (at map scale) of the true position.  Additional offsets to positions may have been introduced where feature density is high to improve the legibility of map symbols.  In addition, the digitizing of maps is estimated to contain a horizontal positional error of less than or equal to 0.003 inch standard error (at map scale) in the two component directions relative to the source maps.  Visual comparison between the map graphic (including digital scans of the graphic) and plots or digital displays of points, lines, and areas, is used as control to assess the positional accuracy of digital data.  Digital map elements along the adjoining edges of data sets are aligned if they are within a 0.02 inch tolerance (at map scale).  Features with like dimensionality (for example, features that all are delineated with lines), with or without like characteristics, that are within the tolerance are aligned by moving the features equally to a common point. Features outside the tolerance are not moved; instead, a feature of type connector is added to join the features.
This statement is generally true for the most common sources of NHD data.  Other sources and methods may have been used to create or update NHD data.  In some cases, additional information may be available from the data provider upon request.</horizpar>
			</horizpa>
		</posacc>
		<lineage>
			<procstep>
				<procdesc>The processes used to create and maintain high-resolution NHD data can be requested from MPCA. Because NHD data can be downloaded using several user-defined areas, the process descriptions can vary for each download.  The NHDMetadata table contains a list of all the process descriptions that apply to a particular download, and those descriptions can be associated with the impaired waters reaches by MPCA staff upon request. </procdesc>
			</procstep>
		</lineage>
	</dataqual>
	<distinfo>
		<resdesc>Impaired Beaches, Minnesota, 2014 (Final)</resdesc>
		<distliab>NOTICE: The Geographic Information System (GIS) Data to which this notice is attached are made available pursuant to the Minnesota Government Data Practices Act (Minnesota Statutes Chapter 13). THE GIS DATA ARE PROVIDED TO YOU AS IS AND WITHOUT ANY WARRANTY AS TO THEIR PERFORMANCE, MERCHANTABILITY, OR FITNESS FOR ANY PARTICULAR PURPOSE. The GIS Data were developed by the Minnesota Pollution Control Agnecy for its own internal business purposes. The Minnesota Pollution Control Agency does not represent or warrant that the GIS Data or the data documentation are error-free, complete, current, or accurate. You are responsible for any consequences resulting from your use of the GIS Data or your reliance on the GIS Data. You should consult the data documentation for this particular GIS Data to determine the limitations of the GIS Data and the precision with which the GIS Data may depict distance, direction, location, or other geographic features. If you transmit or provide the GIS Data (or any portion of it) to another user, the GIS Data must include a copy of this disclaimer.</distliab>
		<stdorder>
			<ordering>These data may be requested from Kristofor Parson, Minnesota Pollution Control Agency.  </ordering>
		</stdorder>
		<distrib>
			<cntinfo>
				<cntperp>
					<cntorg>Minnesota Pollution Control Agency</cntorg>
					<cntper>Kristofor Parson</cntper>
				</cntperp>
				<cntpos>Data Specialist</cntpos>
				<cntaddr>
					<addrtype>mailing and physical</addrtype>
					<address>525 S. Lake Ave.</address>
					<city>Duluth</city>
					<state>MN</state>
					<postal>55802</postal>
				</cntaddr>
				<cntvoice>218-302-6622</cntvoice>
				<cntemail>kristofor.parson@state.mn.us</cntemail>
			</cntinfo>
		</distrib>
	</distinfo>
	<metainfo>
		<metd>20180529</metd>
		<metstdn>Minnesota Geographic Metadata Guidelines</metstdn>
		<metstdv>1.2</metstdv>
		<metextns>
			<onlink>http://www.gis.state.mn.us/stds/metadata.htm</onlink>
		</metextns>
		<metc>
			<cntinfo>
				<cntperp>
					<cntorg>Minnesota Pollution Control Agency</cntorg>
					<cntper>Kristofor Parson</cntper>
				</cntperp>
				<cntpos>GIS Specialist</cntpos>
				<cntaddr>
					<addrtype>mailing and physical</addrtype>
					<address>520 Lafayette Rd. N.</address>
					<city>St. Paul</city>
					<state>MN</state>
					<postal>55155</postal>
				</cntaddr>
				<cntvoice>651-757-2639</cntvoice>
				<cntemail>kristofor.parson@state.mn.us</cntemail>
				<cntinst>email</cntinst>
			</cntinfo>
		</metc>
	</metainfo>
	<Esri>
		<CreaDate>20180606</CreaDate>
		<CreaTime>10201400</CreaTime>
		<ArcGISstyle>FGDC CSDGM Metadata</ArcGISstyle>
		<SyncOnce>FALSE</SyncOnce>
		<DataProperties>
			<itemProps>
				<itemLocation>
					<linkage Sync="TRUE">file://\\g46palgdrftp001\Z\var\ftp\gdrs_temp\update\us_mn_state_pca\env_impaired_water_2014\shp\impaired_2014_beaches.shp</linkage>
					<protocol Sync="TRUE">Local Area Network</protocol>
				</itemLocation>
				<itemName Sync="TRUE">impaired_2014_beaches</itemName>
				<imsContentType Sync="TRUE">002</imsContentType>
				<nativeExtBox>
					<westBL Sync="TRUE">560597.111500</westBL>
					<eastBL Sync="TRUE">601895.800100</eastBL>
					<southBL Sync="TRUE">5172205.235900</southBL>
					<northBL Sync="TRUE">5209038.077500</northBL>
					<exTypeCode Sync="TRUE">1</exTypeCode>
				</nativeExtBox>
				<itemSize Sync="TRUE">0.000</itemSize>
			</itemProps>
			<copyHistory>
				<copy source="C:\workspace\impairedWaters\report_year_2014\impaired_2014_beaches_final" dest="\\W7-1685137\C$\workspace\impairedWaters\report_year_2014\env_impaired_final_2014\shapefiles\impaired_2014_beaches_final" date="20180606" time="10201400"/>
			</copyHistory>
			<coordRef>
				<type Sync="TRUE">Projected</type>
				<geogcsn Sync="TRUE">GCS_North_American_1983</geogcsn>
				<csUnits Sync="TRUE">Linear Unit: Meter (1.000000)</csUnits>
				<projcsn Sync="TRUE">NAD_1983_UTM_Zone_15N</projcsn>
				<peXml Sync="TRUE">&lt;ProjectedCoordinateSystem xsi:type='typens:ProjectedCoordinateSystem' xmlns:xsi='http://www.w3.org/2001/XMLSchema-instance' xmlns:xs='http://www.w3.org/2001/XMLSchema' xmlns:typens='http://www.esri.com/schemas/ArcGIS/10.4'&gt;&lt;WKT&gt;PROJCS[&amp;quot;NAD_1983_UTM_Zone_15N&amp;quot;,GEOGCS[&amp;quot;GCS_North_American_1983&amp;quot;,DATUM[&amp;quot;D_North_American_1983&amp;quot;,SPHEROID[&amp;quot;GRS_1980&amp;quot;,6378137.0,298.257222101]],PRIMEM[&amp;quot;Greenwich&amp;quot;,0.0],UNIT[&amp;quot;Degree&amp;quot;,0.0174532925199433]],PROJECTION[&amp;quot;Transverse_Mercator&amp;quot;],PARAMETER[&amp;quot;False_Easting&amp;quot;,500000.0],PARAMETER[&amp;quot;False_Northing&amp;quot;,0.0],PARAMETER[&amp;quot;Central_Meridian&amp;quot;,-93.0],PARAMETER[&amp;quot;Scale_Factor&amp;quot;,0.9996],PARAMETER[&amp;quot;Latitude_Of_Origin&amp;quot;,0.0],UNIT[&amp;quot;Meter&amp;quot;,1.0],AUTHORITY[&amp;quot;EPSG&amp;quot;,26915]]&lt;/WKT&gt;&lt;XOrigin&gt;-5120900&lt;/XOrigin&gt;&lt;YOrigin&gt;-9998100&lt;/YOrigin&gt;&lt;XYScale&gt;450445547.3910538&lt;/XYScale&gt;&lt;ZOrigin&gt;-100000&lt;/ZOrigin&gt;&lt;ZScale&gt;10000&lt;/ZScale&gt;&lt;MOrigin&gt;-100000&lt;/MOrigin&gt;&lt;MScale&gt;10000&lt;/MScale&gt;&lt;XYTolerance&gt;0.001&lt;/XYTolerance&gt;&lt;ZTolerance&gt;0.001&lt;/ZTolerance&gt;&lt;MTolerance&gt;0.001&lt;/MTolerance&gt;&lt;HighPrecision&gt;true&lt;/HighPrecision&gt;&lt;WKID&gt;26915&lt;/WKID&gt;&lt;LatestWKID&gt;26915&lt;/LatestWKID&gt;&lt;/ProjectedCoordinateSystem&gt;</peXml>
			</coordRef>
			<lineage>
				<Process ToolSource="C:\program files\arcgis\server\ArcToolbox\Toolboxes\Conversion Tools.tbx\FeatureClassToFeatureClass" Date="20180825" Time="013704">FeatureClassToFeatureClass /var/ftp/gdrs_temp/update\us_mn_state_pca\env_impaired_water_2014\fgdb\env_impaired_water_2014.gdb\impaired_2014_beaches /var/ftp/gdrs_temp/update\us_mn_state_pca\env_impaired_water_2014\shp impaired_2014_beaches.shp # "AUID "AUID" true true false 12 Text 0 0 ,First,#,/var/ftp/gdrs_temp/update\us_mn_state_pca\env_impaired_water_2014\fgdb\env_impaired_water_2014.gdb\impaired_2014_beaches,AUID,-1,-1;NAME "NAME" true true false 100 Text 0 0 ,First,#,/var/ftp/gdrs_temp/update\us_mn_state_pca\env_impaired_water_2014\fgdb\env_impaired_water_2014.gdb\impaired_2014_beaches,NAME,-1,-1;LOC_DESC "LOC_DESC" true true false 120 Text 0 0 ,First,#,/var/ftp/gdrs_temp/update\us_mn_state_pca\env_impaired_water_2014\fgdb\env_impaired_water_2014.gdb\impaired_2014_beaches,LOC_DESC,-1,-1;CAT "CAT" true true false 3 Text 0 0 ,First,#,/var/ftp/gdrs_temp/update\us_mn_state_pca\env_impaired_water_2014\fgdb\env_impaired_water_2014.gdb\impaired_2014_beaches,CAT,-1,-1;AFFECTED_U "AFFECTED_U" true true false 254 Text 0 0 ,First,#,/var/ftp/gdrs_temp/update\us_mn_state_pca\env_impaired_water_2014\fgdb\env_impaired_water_2014.gdb\impaired_2014_beaches,AFFECTED_U,-1,-1;NOPLN "NOPLN" true true false 254 Text 0 0 ,First,#,/var/ftp/gdrs_temp/update\us_mn_state_pca\env_impaired_water_2014\fgdb\env_impaired_water_2014.gdb\impaired_2014_beaches,NOPLN,-1,-1;APPROVED "APPROVED" true true false 254 Text 0 0 ,First,#,/var/ftp/gdrs_temp/update\us_mn_state_pca\env_impaired_water_2014\fgdb\env_impaired_water_2014.gdb\impaired_2014_beaches,APPROVED,-1,-1;NEEDSPLN "NEEDSPLN" true true false 254 Text 0 0 ,First,#,/var/ftp/gdrs_temp/update\us_mn_state_pca\env_impaired_water_2014\fgdb\env_impaired_water_2014.gdb\impaired_2014_beaches,NEEDSPLN,-1,-1;IMPAIR_PAR "IMPAIR_PAR" true true false 254 Text 0 0 ,First,#,/var/ftp/gdrs_temp/update\us_mn_state_pca\env_impaired_water_2014\fgdb\env_impaired_water_2014.gdb\impaired_2014_beaches,IMPAIR_PAR,-1,-1;NEW_2014 "NEW_2014" true true false 50 Text 0 0 ,First,#,/var/ftp/gdrs_temp/update\us_mn_state_pca\env_impaired_water_2014\fgdb\env_impaired_water_2014.gdb\impaired_2014_beaches,NEW_2014,-1,-1;HUC8 "HUC8" true true false 8 Text 0 0 ,First,#,/var/ftp/gdrs_temp/update\us_mn_state_pca\env_impaired_water_2014\fgdb\env_impaired_water_2014.gdb\impaired_2014_beaches,HUC8,-1,-1;HUC8_NAME "HUC8_NAME" true true false 50 Text 0 0 ,First,#,/var/ftp/gdrs_temp/update\us_mn_state_pca\env_impaired_water_2014\fgdb\env_impaired_water_2014.gdb\impaired_2014_beaches,HUC8_NAME,-1,-1;HUC4 "HUC4" true true false 10 Text 0 0 ,First,#,/var/ftp/gdrs_temp/update\us_mn_state_pca\env_impaired_water_2014\fgdb\env_impaired_water_2014.gdb\impaired_2014_beaches,HUC4,-1,-1;BASIN "BASIN" true true false 50 Text 0 0 ,First,#,/var/ftp/gdrs_temp/update\us_mn_state_pca\env_impaired_water_2014\fgdb\env_impaired_water_2014.gdb\impaired_2014_beaches,BASIN,-1,-1;ALL_COUNTI "ALL_COUNTI" true true false 55 Text 0 0 ,First,#,/var/ftp/gdrs_temp/update\us_mn_state_pca\env_impaired_water_2014\fgdb\env_impaired_water_2014.gdb\impaired_2014_beaches,ALL_COUNTI,-1,-1;WDWMO_NAME "WDWMO_NAME" true true false 150 Text 0 0 ,First,#,/var/ftp/gdrs_temp/update\us_mn_state_pca\env_impaired_water_2014\fgdb\env_impaired_water_2014.gdb\impaired_2014_beaches,WDWMO_NAME,-1,-1;WDWMO_TYPE "WDWMO_TYPE" true true false 30 Text 0 0 ,First,#,/var/ftp/gdrs_temp/update\us_mn_state_pca\env_impaired_water_2014\fgdb\env_impaired_water_2014.gdb\impaired_2014_beaches,WDWMO_TYPE,-1,-1;E_coli "E_coli" true true false 20 Text 0 0 ,First,#,/var/ftp/gdrs_temp/update\us_mn_state_pca\env_impaired_water_2014\fgdb\env_impaired_water_2014.gdb\impaired_2014_beaches,E_coli,-1,-1;SHAPE_Leng "SHAPE_Leng" true true false 8 Double 0 0 ,First,#,/var/ftp/gdrs_temp/update\us_mn_state_pca\env_impaired_water_2014\fgdb\env_impaired_water_2014.gdb\impaired_2014_beaches,SHAPE_Leng,-1,-1;Shape_Le_1 "Shape_Le_1" false true true 8 Double 0 0 ,First,#,/var/ftp/gdrs_temp/update\us_mn_state_pca\env_impaired_water_2014\fgdb\env_impaired_water_2014.gdb\impaired_2014_beaches,Shape_Length,-1,-1" #</Process>
			</lineage>
		</DataProperties>
		<SyncDate>20180825</SyncDate>
		<SyncTime>01370400</SyncTime>
		<ModDate>20180825</ModDate>
		<ModTime>01370400</ModTime>
		<scaleRange>
			<minScale>150000000</minScale>
			<maxScale>5000</maxScale>
		</scaleRange>
		<ArcGISProfile>FGDC</ArcGISProfile>
	</Esri>
	<spref>
		<horizsys>
			<planar>
				<planci>
					<plandu>meters</plandu>
				</planci>
			</planar>
			<geodetic>
				<horizdn>NAD83</horizdn>
				<ellips>GRS80</ellips>
			</geodetic>
		</horizsys>
	</spref>
	<dataIdInfo>
		<envirDesc Sync="TRUE">Microsoft Windows XP Professional x64 Edition Version 5.2 (Build 3790) Service Pack 2; Esri ArcGIS 10.4.1.5686</envirDesc>
		<dataLang>
			<languageCode value="en" Sync="TRUE"/>
			<countryCode value="US" Sync="TRUE"/>
		</dataLang>
		<idCitation>
			<resTitle Sync="FALSE">Impaired Beaches, Minnesota, 2014 (Final)</resTitle>
			<presForm>
				<PresFormCd value="005" Sync="TRUE"/>
			</presForm>
		</idCitation>
		<spatRpType>
			<SpatRepTypCd value="001" Sync="TRUE"/>
		</spatRpType>
		<dataExt>
			<geoEle xmlns="">
				<GeoBndBox esriExtentType="search">
					<exTypeCode Sync="TRUE">1</exTypeCode>
					<westBL Sync="TRUE">-92.207352</westBL>
					<eastBL Sync="TRUE">-91.659032</eastBL>
					<northBL Sync="TRUE">47.032084</northBL>
					<southBL Sync="TRUE">46.695641</southBL>
				</GeoBndBox>
			</geoEle>
		</dataExt>
		<idPurp>These data are intended to be used for planning, informational, and cartographic purposes related to surface water quality in Minnesota.</idPurp>
		<idAbs>&lt;DIV STYLE="text-align:Left;"&gt;&lt;DIV&gt;&lt;DIV&gt;&lt;P&gt;&lt;SPAN&gt;This is a set of the impaired beaches as determined by MPCA's surface water quality assessment process in 2012 and 2013 for the 2014 reporting cycle to US Environmental Protection Agency (EPA). The impairments on beaches included in the dataset were approved by EPA on May 29th, 2018. These beaches are a subset and enhancement of the 1:24,000 scale National Hydrography Dataset (NHD). In cases where the NHD does not include a feature that MPCA has assessed, a feature is added by MPCA. Since the impaired beaches are a small subset of the NHD, only that subset is included in the dataset. This dataset includes impaired beaches that have not yet had a TMDL plan approved by the US EPA.&lt;/SPAN&gt;&lt;/P&gt;&lt;/DIV&gt;&lt;/DIV&gt;&lt;/DIV&gt;</idAbs>
		<searchKeys>
			<keyword>inlandWaters</keyword>
			<keyword>surface water</keyword>
			<keyword>water chemistry</keyword>
			<keyword>water quality</keyword>
		</searchKeys>
	</dataIdInfo>
	<mdLang>
		<languageCode value="en" Sync="TRUE"/>
		<countryCode value="US" Sync="TRUE"/>
	</mdLang>
	<distInfo>
		<distFormat>
			<formatName Sync="TRUE">Shapefile</formatName>
		</distFormat>
		<distTranOps>
			<transSize Sync="TRUE">0.000</transSize>
		</distTranOps>
	</distInfo>
	<mdHrLv>
		<ScopeCd value="005" Sync="TRUE"/>
	</mdHrLv>
	<mdHrLvName Sync="TRUE">dataset</mdHrLvName>
	<refSysInfo>
		<RefSystem>
			<refSysID>
				<identCode code="26915" Sync="TRUE"/>
				<idCodeSpace Sync="TRUE">EPSG</idCodeSpace>
				<idVersion Sync="TRUE">6.13(3.0.1)</idVersion>
			</refSysID>
		</RefSystem>
	</refSysInfo>
	<spatRepInfo>
		<VectSpatRep>
			<geometObjs Name="impaired_2014_beaches">
				<geoObjTyp>
					<GeoObjTypCd value="002" Sync="TRUE"/>
				</geoObjTyp>
				<geoObjCnt Sync="TRUE">0</geoObjCnt>
			</geometObjs>
			<topLvl>
				<TopoLevCd value="001" Sync="TRUE"/>
			</topLvl>
		</VectSpatRep>
	</spatRepInfo>
	<spdoinfo>
		<ptvctinf>
			<esriterm Name="impaired_2014_beaches">
				<efeatyp Sync="TRUE">Simple</efeatyp>
				<efeageom code="3" Sync="TRUE"/>
				<esritopo Sync="TRUE">FALSE</esritopo>
				<efeacnt Sync="TRUE">0</efeacnt>
				<spindex Sync="TRUE">FALSE</spindex>
				<linrefer Sync="TRUE">FALSE</linrefer>
			</esriterm>
		</ptvctinf>
	</spdoinfo>
	<mdDateSt Sync="TRUE">20180825</mdDateSt>
</metadata>
