<metadata>
	<idinfo>
		<citation>
			<citeinfo>
				<origin>Minnesota Pollution Control Agency</origin>
				<title>Impaired Lakes Points, Minnesota, 2014 (Final)</title>
				<pubinfo>
					<publish>Minnesota Pollution Control Agency</publish>
				</pubinfo>
				<pubdate>20180529</pubdate>
			</citeinfo>
		</citation>
		<descript>
			<abstract>This is a draft set of centroids of the impaired lakes as determined by MPCA's surface water quality assessment process in 2012 and 2013 for the 2014 reporting cycle to US Environmental Protection Agency (EPA). Lakes declared impaired prior to 2012 are also included in this dataset unless they have been delisted. The waterbodies included in the dataset were approved by EPA on May 29th, 2018. These lakes are a subset and enhancement of the 1:24,000 scale National Hydrography Dataset (NHD). In cases where the NHD does not include lakes that MPCA has assessed, additional lakes from the MN Department of Natural Resources (DNR) Division of Waters lakes database are added. Since the impaired lakes are a small subset of the NHD and DNR lakes, only that subset is included in the dataset. This dataset includes impaired lakes which have not yet had a TMDL plan approved by the US EPA, those that have a US EPA approved TMDL plan as well as those lakes that do not need a TMDL plan.</abstract>
			<purpose>These data are intended to be used for planning, informational, and cartographic purposes related to surface water quality in Minnesota.</purpose>
			<supplinf>State of Minnesota</supplinf>
		</descript>
		<crossref>
			<citeinfo>
				<title>Detailed information regarding the impaired waterbodies is available in spreadsheet form here: http://www.pca.state.mn.us/index.php/view-document.html?gid=20205</title>
			</citeinfo>
		</crossref>
		<timeperd>
			<current>These data reflect the state of the MPCA's surface water assessment database as of the dataset publication date.</current>
			<timeinfo>
				<sngdate>
					<caldate>20180529</caldate>
				</sngdate>
			</timeinfo>
		</timeperd>
		<status>
			<progress>Planned</progress>
			<update>As needed</update>
		</status>
		<keywords>
			<theme>
				<themekt>ISO 19115</themekt>
				<themekey>inlandWaters, surface water, water chemistry, water quality</themekey>
			</theme>
			<place>
				<placekey>Minnesota</placekey>
			</place>
		</keywords>
		<accconst>None</accconst>
		<spdom>
			<bounding>
				<westbc>199125.3915</westbc>
				<eastbc>762254.478</eastbc>
				<northbc>5471343.7754</northbc>
				<southbc>4816373.2963</southbc>
			</bounding>
		</spdom>
		<ptcontac>
			<cntinfo>
				<cntperp>
					<cntorg>Minnesota Pollution Control Agency</cntorg>
					<cntper>Kristofor Parson</cntper>
				</cntperp>
				<cntpos>Data Specialist</cntpos>
				<cntaddr>
					<addrtype>Mailing and Physical</addrtype>
					<address>525 S. Lake Ave.</address>
					<city>Duluth</city>
					<state>MN</state>
					<postal>55802</postal>
				</cntaddr>
				<cntvoice>218-302-6622</cntvoice>
				<cntemail>kristofor.parson@state.mn.us</cntemail>
			</cntinfo>
		</ptcontac>
	</idinfo>
	<eainfo>
		<overview>
			<eaover>All lakes contained in this shapefile are on the draft 2014 Impaired Waters list prepared by the Minnesota Pollution Control Agency.

WATER_NAME: Name of the waterbody associated with the AUID

LOCATION: A rough description of the lake's location

ACRES: The acreage of the waterbody, as reported to EPA.

AUID:  Assessment Unit ID, a waterbody identifer that consists of two digits representing the county, four digits representing the unique waterbody within that county, and two digits representing the bay number, where applicable. If no bay is designated, this is left as '00'. This AUID constitutes a unique identifer for each lake in the dataset.

CAT: EPA Consolidation Assessment and Listing Methodology [CALM] category, which integrates the 305(b) Report with the 303(d) TMDL List. 
   The five categories in CALM are as follows: 
   Category 1: all designated uses are meeting water quality standards 
   Category 2: some uses are meeting water quality standards and there are insufficient data to assess other uses 
   Category 3: there are insufficient data to assess any uses 
   Category 4: at least one use is impaired, but a TMDL is not required 
   Category 5: at least one use is impaired and a TMDL is required. These become the List of impaired waters. 

A reach can only be placed into one Category. For example, if a reach is impaired for one pollutant but the other uses are being  met, and a TMDL is required, that reach would be placed into Category 5. Furthermore, if the reach is impaired for more than one pollutant, the reach must stay in Category 5 until ALL pollutants have EPA-approved TMDL plans. 

For 'bookkeeping' purposes, these Categories can be sub-divided. Category 4 has the following four sub-categories: 
   4A: Impaired, but a TMDL study has been approved by EPA 
   4B: Impaired, but a TMDL study is not required because water quality standards are expected to be met in the near future 
   4C: Impaired, but a TMDL study is not required because the impairment is not caused by a pollutant 
   4D: An assessment unit is impaired or threatened but doesn't require a TMDL because the impairment is due to natural conditions with only insignificant anthropogenic influence. To be considered 'insignificant', the elimination of the anthropogenic influence would not lead to the attainment of water quality standards and it would not be included in formal pollution reduction goal-setting  activities. A reach-specific water quality standard based on local natural conditions has yet to be determined. Upon determination,    the assessment unit will be considered non-impaired for the natural conditions and re-categorized to an appropriate category. 
   4E: Impaired or threatened but existing data indicates a TMDL is not required because impairment is solely a result of natural    sources; a final determination of Category 4D will be made in the next assessment cycle pending confirmation from additional information (i.e. water quality or land use). 

Category 5 has the following three sub-categories: 
   5A: Impaired by multiple pollutants and no TMDL study plans are approved by EPA 
   5B: Impaired by multiple pollutants and at least one TMDL study plan is approved by EPA 
   5C: Impaired by one pollutant and no TMDL study plan is approved by EPA

AFFECTED_U:  Impaired Use(s)
   Values: 
   AQC: Aquatic Consumption
   AQR: Aquatic Recreation
   a combination of these values

NOPLN: The parameter(s) for which no TMDL plans is required
Nutrients: Nutrient/Eutrophication Biological Indicators

APPROVED: The parameter(s) for which TMDL plans have been approved
   Values:
   HgF: Mercury in Fish Tissue
   HgW: Mercury in Water Column
   Nutrients: Nutrient/Eutrophication Biological Indicators

NEEDSPLN: The pollutant(s) for which TMDL plans must be developed and approved
   Values:
   CL-: Chloride
   HgF: Mercury in Fish Tissue
   HgW: Mercury in Water Column
   Nutrients: Nutrient/Eutrophication Biological Indicators
   PCBF: PCB in Fish Tissue
   PFOS-W: Perfluorooctane Sulfonate (PFOS) in Water Column

IMPAIR_PAR: Parameters listed in APPROVED and NEEDSPLN that cause the stream to be impaired

NEW_2014: Parameters proposed to be listed for the first time in 2014
   Values:
   CL-: Chloride
   HgF: Mercury in Fish Tissue
   Nutrients: Nutrient/Eutrophication Biological Indicators

HUC8: The numeric code of the 8 digit Watershed Boundary Dataset (WBD) polygon that this waterbody is primarily associated with.

HUC8_NAME: The name of the DNR major watershed that this waterbody is primarily associated with.

HUC4: The numeric code of the 4 digit Watershed Boundary Dataset (WBD) polygon that this waterbody is primarily associated with.

BASIN: The name of the basin (HUC4) in which this waterbody is located

ALL_COUNTIES: The name of the counties that intersect this waterbody

WDWMO_NAME: The name of Watershed District(s) or Watershed Management Organization(s) that intersect this waterbody.

WDWMO_TYPE: The type(s) of WDWMO that intersect this polygon.
     Values:
     COU = County
     WD = Watershed District
     WMO = Watershed Management Organization

Target start year fields:
     These fields indicate the target start year for a TMDL addressing their respective pollutants. The attribute also indicates cases with an approved TMDL or a natural background impairment.
     Fields:
          Chloride: Chloride
          HgF: Mercury in fish tissue
          HgW: Mercury in the water column
          Nutrients: Nutrient/Eutrophication Biological Indicators
          PCBF:  PCB in Fish Tissue
          PFOS_W: Perfluorooctane Sulfonate (PFOS) in Water Column

</eaover>
		</overview>
		<detailed Name="impaired_2014_lakes_pts">
			<enttyp>
				<enttypl Sync="TRUE">impaired_2014_lakes_pts</enttypl>
				<enttypt Sync="TRUE">Feature Class</enttypt>
				<enttypc Sync="TRUE">0</enttypc>
			</enttyp>
			<attr>
				<attrlabl Sync="TRUE">FID</attrlabl>
				<attalias Sync="TRUE">FID</attalias>
				<attrtype Sync="TRUE">OID</attrtype>
				<attwidth Sync="TRUE">4</attwidth>
				<atprecis Sync="TRUE">0</atprecis>
				<attscale Sync="TRUE">0</attscale>
				<attrdef Sync="TRUE">Internal feature number.</attrdef>
				<attrdefs Sync="TRUE">Esri</attrdefs>
				<attrdomv>
					<udom Sync="TRUE">Sequential unique whole numbers that are automatically generated.</udom>
				</attrdomv>
			</attr>
			<attr>
				<attrlabl Sync="TRUE">Shape</attrlabl>
				<attalias Sync="TRUE">Shape</attalias>
				<attrtype Sync="TRUE">Geometry</attrtype>
				<attwidth Sync="TRUE">0</attwidth>
				<atprecis Sync="TRUE">0</atprecis>
				<attscale Sync="TRUE">0</attscale>
				<attrdef Sync="TRUE">Feature geometry.</attrdef>
				<attrdefs Sync="TRUE">Esri</attrdefs>
				<attrdomv>
					<udom Sync="TRUE">Coordinates defining the features.</udom>
				</attrdomv>
			</attr>
			<attr>
				<attrlabl Sync="TRUE">WATER_NAME</attrlabl>
				<attalias Sync="TRUE">WATER_NAME</attalias>
				<attrtype Sync="TRUE">String</attrtype>
				<attwidth Sync="TRUE">100</attwidth>
				<atprecis Sync="TRUE">0</atprecis>
				<attscale Sync="TRUE">0</attscale>
			</attr>
			<attr>
				<attrlabl Sync="TRUE">LOCATION</attrlabl>
				<attalias Sync="TRUE">LOCATION</attalias>
				<attrtype Sync="TRUE">String</attrtype>
				<attwidth Sync="TRUE">120</attwidth>
				<atprecis Sync="TRUE">0</atprecis>
				<attscale Sync="TRUE">0</attscale>
			</attr>
			<attr>
				<attrlabl Sync="TRUE">ACRES</attrlabl>
				<attalias Sync="TRUE">ACRES</attalias>
				<attrtype Sync="TRUE">Double</attrtype>
				<attwidth Sync="TRUE">19</attwidth>
				<atprecis Sync="TRUE">0</atprecis>
				<attscale Sync="TRUE">0</attscale>
			</attr>
			<attr>
				<attrlabl Sync="TRUE">AUID</attrlabl>
				<attalias Sync="TRUE">AUID</attalias>
				<attrtype Sync="TRUE">String</attrtype>
				<attwidth Sync="TRUE">12</attwidth>
				<atprecis Sync="TRUE">0</atprecis>
				<attscale Sync="TRUE">0</attscale>
			</attr>
			<attr>
				<attrlabl Sync="TRUE">CAT</attrlabl>
				<attalias Sync="TRUE">CAT</attalias>
				<attrtype Sync="TRUE">String</attrtype>
				<attwidth Sync="TRUE">3</attwidth>
				<atprecis Sync="TRUE">0</atprecis>
				<attscale Sync="TRUE">0</attscale>
			</attr>
			<attr>
				<attrlabl Sync="TRUE">AFFECTED_U</attrlabl>
				<attalias Sync="TRUE">AFFECTED_U</attalias>
				<attrtype Sync="TRUE">String</attrtype>
				<attwidth Sync="TRUE">254</attwidth>
				<atprecis Sync="TRUE">0</atprecis>
				<attscale Sync="TRUE">0</attscale>
			</attr>
			<attr>
				<attrlabl Sync="TRUE">NOPLN</attrlabl>
				<attalias Sync="TRUE">NOPLN</attalias>
				<attrtype Sync="TRUE">String</attrtype>
				<attwidth Sync="TRUE">254</attwidth>
				<atprecis Sync="TRUE">0</atprecis>
				<attscale Sync="TRUE">0</attscale>
			</attr>
			<attr>
				<attrlabl Sync="TRUE">APPROVED</attrlabl>
				<attalias Sync="TRUE">APPROVED</attalias>
				<attrtype Sync="TRUE">String</attrtype>
				<attwidth Sync="TRUE">254</attwidth>
				<atprecis Sync="TRUE">0</atprecis>
				<attscale Sync="TRUE">0</attscale>
			</attr>
			<attr>
				<attrlabl Sync="TRUE">NEEDSPLN</attrlabl>
				<attalias Sync="TRUE">NEEDSPLN</attalias>
				<attrtype Sync="TRUE">String</attrtype>
				<attwidth Sync="TRUE">254</attwidth>
				<atprecis Sync="TRUE">0</atprecis>
				<attscale Sync="TRUE">0</attscale>
			</attr>
			<attr>
				<attrlabl Sync="TRUE">IMPAIR_PAR</attrlabl>
				<attalias Sync="TRUE">IMPAIR_PAR</attalias>
				<attrtype Sync="TRUE">String</attrtype>
				<attwidth Sync="TRUE">254</attwidth>
				<atprecis Sync="TRUE">0</atprecis>
				<attscale Sync="TRUE">0</attscale>
			</attr>
			<attr>
				<attrlabl Sync="TRUE">NEW_2014</attrlabl>
				<attalias Sync="TRUE">NEW_2014</attalias>
				<attrtype Sync="TRUE">String</attrtype>
				<attwidth Sync="TRUE">50</attwidth>
				<atprecis Sync="TRUE">0</atprecis>
				<attscale Sync="TRUE">0</attscale>
			</attr>
			<attr>
				<attrlabl Sync="TRUE">HUC8</attrlabl>
				<attalias Sync="TRUE">HUC8</attalias>
				<attrtype Sync="TRUE">String</attrtype>
				<attwidth Sync="TRUE">8</attwidth>
				<atprecis Sync="TRUE">0</atprecis>
				<attscale Sync="TRUE">0</attscale>
			</attr>
			<attr>
				<attrlabl Sync="TRUE">HUC8_NAME</attrlabl>
				<attalias Sync="TRUE">HUC8_NAME</attalias>
				<attrtype Sync="TRUE">String</attrtype>
				<attwidth Sync="TRUE">50</attwidth>
				<atprecis Sync="TRUE">0</atprecis>
				<attscale Sync="TRUE">0</attscale>
			</attr>
			<attr>
				<attrlabl Sync="TRUE">HUC4</attrlabl>
				<attalias Sync="TRUE">HUC4</attalias>
				<attrtype Sync="TRUE">String</attrtype>
				<attwidth Sync="TRUE">10</attwidth>
				<atprecis Sync="TRUE">0</atprecis>
				<attscale Sync="TRUE">0</attscale>
			</attr>
			<attr>
				<attrlabl Sync="TRUE">BASIN</attrlabl>
				<attalias Sync="TRUE">BASIN</attalias>
				<attrtype Sync="TRUE">String</attrtype>
				<attwidth Sync="TRUE">50</attwidth>
				<atprecis Sync="TRUE">0</atprecis>
				<attscale Sync="TRUE">0</attscale>
			</attr>
			<attr>
				<attrlabl Sync="TRUE">ALL_COUNTI</attrlabl>
				<attalias Sync="TRUE">ALL_COUNTI</attalias>
				<attrtype Sync="TRUE">String</attrtype>
				<attwidth Sync="TRUE">55</attwidth>
				<atprecis Sync="TRUE">0</atprecis>
				<attscale Sync="TRUE">0</attscale>
			</attr>
			<attr>
				<attrlabl Sync="TRUE">WDWMO_NAME</attrlabl>
				<attalias Sync="TRUE">WDWMO_NAME</attalias>
				<attrtype Sync="TRUE">String</attrtype>
				<attwidth Sync="TRUE">150</attwidth>
				<atprecis Sync="TRUE">0</atprecis>
				<attscale Sync="TRUE">0</attscale>
			</attr>
			<attr>
				<attrlabl Sync="TRUE">WDWMO_TYPE</attrlabl>
				<attalias Sync="TRUE">WDWMO_TYPE</attalias>
				<attrtype Sync="TRUE">String</attrtype>
				<attwidth Sync="TRUE">30</attwidth>
				<atprecis Sync="TRUE">0</atprecis>
				<attscale Sync="TRUE">0</attscale>
			</attr>
			<attr>
				<attrlabl Sync="TRUE">Chloride</attrlabl>
				<attalias Sync="TRUE">Chloride</attalias>
				<attrtype Sync="TRUE">String</attrtype>
				<attwidth Sync="TRUE">20</attwidth>
				<atprecis Sync="TRUE">0</atprecis>
				<attscale Sync="TRUE">0</attscale>
			</attr>
			<attr>
				<attrlabl Sync="TRUE">HgF</attrlabl>
				<attalias Sync="TRUE">HgF</attalias>
				<attrtype Sync="TRUE">String</attrtype>
				<attwidth Sync="TRUE">20</attwidth>
				<atprecis Sync="TRUE">0</atprecis>
				<attscale Sync="TRUE">0</attscale>
			</attr>
			<attr>
				<attrlabl Sync="TRUE">HgW</attrlabl>
				<attalias Sync="TRUE">HgW</attalias>
				<attrtype Sync="TRUE">String</attrtype>
				<attwidth Sync="TRUE">20</attwidth>
				<atprecis Sync="TRUE">0</atprecis>
				<attscale Sync="TRUE">0</attscale>
			</attr>
			<attr>
				<attrlabl Sync="TRUE">Nutrients</attrlabl>
				<attalias Sync="TRUE">Nutrients</attalias>
				<attrtype Sync="TRUE">String</attrtype>
				<attwidth Sync="TRUE">20</attwidth>
				<atprecis Sync="TRUE">0</atprecis>
				<attscale Sync="TRUE">0</attscale>
			</attr>
			<attr>
				<attrlabl Sync="TRUE">PCBF</attrlabl>
				<attalias Sync="TRUE">PCBF</attalias>
				<attrtype Sync="TRUE">String</attrtype>
				<attwidth Sync="TRUE">20</attwidth>
				<atprecis Sync="TRUE">0</atprecis>
				<attscale Sync="TRUE">0</attscale>
			</attr>
			<attr>
				<attrlabl Sync="TRUE">PFOS_W</attrlabl>
				<attalias Sync="TRUE">PFOS_W</attalias>
				<attrtype Sync="TRUE">String</attrtype>
				<attwidth Sync="TRUE">20</attwidth>
				<atprecis Sync="TRUE">0</atprecis>
				<attscale Sync="TRUE">0</attscale>
			</attr>
			<attr>
				<attrlabl Sync="TRUE">ORIG_FID</attrlabl>
				<attalias Sync="TRUE">ORIG_FID</attalias>
				<attrtype Sync="TRUE">Integer</attrtype>
				<attwidth Sync="TRUE">10</attwidth>
				<atprecis Sync="TRUE">10</atprecis>
				<attscale Sync="TRUE">0</attscale>
			</attr>
		</detailed>
	</eainfo>
	<dataqual>
		<logic>These data have been audited to ensure every waterbody included in the draft 2014 list of impaired waters has a corresponding feature within this spatial dataset. Date of test: 11/25/2013</logic>
		<complete>These data contain a feature for every waterbody in the draft impaired waters dataset. High-resolution NHD is the primary dataset from which these features are drawn. If no feature exists in the NHD, the MN DNR division of waters lakes database is the source.</complete>
		<posacc>
			<horizpa>
				<horizpar>Statements of horizontal positional accuracy are based on accuracy statements made for U.S. Geological Survey topographic quadrangle maps.  These maps were compiled to meet National Map Accuracy Standards.  For horizontal accuracy, this standard is met if at least 90 percent of points tested are within 0.02 inch (at map scale) of the true position.  Additional offsets to positions may have been introduced where feature density is high to improve the legibility of map symbols.  In addition, the digitizing of maps is estimated to contain a horizontal positional error of less than or equal to 0.003 inch standard error (at map scale) in the two component directions relative to the source maps.  Visual comparison between the map graphic (including digital scans of the graphic) and plots or digital displays of points, lines, and areas, is used as control to assess the positional accuracy of digital data.  Digital map elements along the adjoining edges of data sets are aligned if they are within a 0.02 inch tolerance (at map scale).  Features with like dimensionality (for example, features that all are delineated with lines), with or without like characteristics, that are within the tolerance are aligned by moving the features equally to a common point. Features outside the tolerance are not moved; instead, a feature of type connector is added to join the features.
This statement is generally true for the most common sources of NHD data.  Other sources and methods may have been used to create or update NHD data.  In some cases, additional information may be available from the data provider upon request.</horizpar>
			</horizpa>
		</posacc>
		<lineage>
			<procstep>
				<procdesc>The processes used to create and maintain high-resolution NHD data can be requested from MPCA. Because NHD data can be downloaded using several user-defined areas, the process descriptions can vary for each download.  The NHDMetadata table contains a list of all the process descriptions that apply to a particular download, and those descriptions can be associated with the impaired waters polygons by MPCA staff upon request.  MN DNR lake polygons are maintained to meet DNR business requirements, however, MPCA makes requests for DNR to add lakes to thier lakes DB for cases where MCPA monitors a waterbody that does not have an existing DNR feature. For information on specific polygons contact MPCA.</procdesc>
			</procstep>
		</lineage>
	</dataqual>
	<distinfo>
		<resdesc>Impaired Lake Points, Minnesota, 2014 (Final)</resdesc>
		<distliab>NOTICE: The Geographic Information System (GIS) Data to which this notice is attached are made available pursuant to the Minnesota Government Data Practices Act (Minnesota Statutes Chapter 13). THE GIS DATA ARE PROVIDED TO YOU AS IS AND WITHOUT ANY WARRANTY AS TO THEIR PERFORMANCE, MERCHANTABILITY, OR FITNESS FOR ANY PARTICULAR PURPOSE. The GIS Data were developed by the Minnesota Pollution Control Agnecy for its own internal business purposes. The Minnesota Pollution Control Agency does not represent or warrant that the GIS Data or the data documentation are error-free, complete, current, or accurate. You are responsible for any consequences resulting from your use of the GIS Data or your reliance on the GIS Data. You should consult the data documentation for this particular GIS Data to determine the limitations of the GIS Data and the precision with which the GIS Data may depict distance, direction, location, or other geographic features. If you transmit or provide the GIS Data (or any portion of it) to another user, the GIS Data must include a copy of this disclaimer.</distliab>
		<stdorder>
			<ordering>These data may be requested from Kristofor Parson, Minnesota Pollution Control Agency.  </ordering>
		</stdorder>
		<distrib>
			<cntinfo>
				<cntperp>
					<cntorg>Minnesota Pollution Control Agency</cntorg>
					<cntper>Kristofor Parson</cntper>
				</cntperp>
				<cntpos>Data Specialist</cntpos>
				<cntaddr>
					<addrtype>mailing and physical</addrtype>
					<address>525 S. Lake Ave.</address>
					<city>Duluth</city>
					<state>MN</state>
					<postal>55802</postal>
				</cntaddr>
				<cntvoice>218-302-6622</cntvoice>
				<cntemail>kristofor.parson@state.mn.us</cntemail>
			</cntinfo>
		</distrib>
	</distinfo>
	<metainfo>
		<metd>20180529</metd>
		<metstdn>Minnesota Geographic Metadata Guidelines</metstdn>
		<metstdv>1.2</metstdv>
		<metextns>
			<onlink>http://www.gis.state.mn.us/stds/metadata.htm</onlink>
		</metextns>
		<metc>
			<cntinfo>
				<cntperp>
					<cntorg>Minnesota Pollution Control Agency</cntorg>
					<cntper>Kristofor Parson</cntper>
				</cntperp>
				<cntpos>Data Specialist</cntpos>
				<cntaddr>
					<addrtype>mailing and physical</addrtype>
					<address>525 S. Lake Ave.</address>
					<city>Duluth</city>
					<state>MN</state>
					<postal>55802</postal>
				</cntaddr>
				<cntvoice>218-302-6622</cntvoice>
				<cntemail>kristofor.parson@state.mn.us</cntemail>
			</cntinfo>
		</metc>
	</metainfo>
	<spref>
		<horizsys>
			<planar>
				<planci>
					<plandu>meters</plandu>
				</planci>
			</planar>
			<geodetic>
				<horizdn>NAD83</horizdn>
				<ellips>GRS80</ellips>
			</geodetic>
		</horizsys>
	</spref>
	<Esri>
		<CreaDate>20180606</CreaDate>
		<CreaTime>10201400</CreaTime>
		<ArcGISstyle>FGDC CSDGM Metadata</ArcGISstyle>
		<SyncOnce>FALSE</SyncOnce>
		<DataProperties>
			<itemProps>
				<itemLocation>
					<linkage Sync="TRUE">file://\\g46palgdrftp001\Z\var\ftp\gdrs_temp\update\us_mn_state_pca\env_impaired_water_2014\shp\impaired_2014_lakes_pts.shp</linkage>
					<protocol Sync="TRUE">Local Area Network</protocol>
				</itemLocation>
				<itemName Sync="TRUE">impaired_2014_lakes_pts</itemName>
				<imsContentType Sync="TRUE">002</imsContentType>
				<nativeExtBox>
					<westBL Sync="TRUE">-53566.627400</westBL>
					<eastBL Sync="TRUE">701695.091600</eastBL>
					<southBL Sync="TRUE">413405.560500</southBL>
					<northBL Sync="TRUE">1071916.653400</northBL>
					<exTypeCode Sync="TRUE">1</exTypeCode>
				</nativeExtBox>
				<itemSize Sync="TRUE">0.000</itemSize>
			</itemProps>
			<copyHistory>
				<copy source="C:\workspace\impairedWaters\report_year_2014\impaired_2014_lakes_pts_final" dest="\\W7-1685137\C$\workspace\impairedWaters\report_year_2014\env_impaired_final_2014\shapefiles\impaired_2014_lakes_pts_final" date="20180606" time="10201400"/>
			</copyHistory>
			<coordRef>
				<type Sync="TRUE">Projected</type>
				<geogcsn Sync="TRUE">GCS_North_American_1983</geogcsn>
				<csUnits Sync="TRUE">Linear Unit: Meter (1.000000)</csUnits>
				<projcsn Sync="TRUE">North_America_Albers_Equal_Area_Conic</projcsn>
				<peXml Sync="TRUE">&lt;ProjectedCoordinateSystem xsi:type='typens:ProjectedCoordinateSystem' xmlns:xsi='http://www.w3.org/2001/XMLSchema-instance' xmlns:xs='http://www.w3.org/2001/XMLSchema' xmlns:typens='http://www.esri.com/schemas/ArcGIS/10.4'&gt;&lt;WKT&gt;PROJCS[&amp;quot;North_America_Albers_Equal_Area_Conic&amp;quot;,GEOGCS[&amp;quot;GCS_North_American_1983&amp;quot;,DATUM[&amp;quot;D_North_American_1983&amp;quot;,SPHEROID[&amp;quot;GRS_1980&amp;quot;,6378137.0,298.257222101]],PRIMEM[&amp;quot;Greenwich&amp;quot;,0.0],UNIT[&amp;quot;Degree&amp;quot;,0.0174532925199433]],PROJECTION[&amp;quot;Albers&amp;quot;],PARAMETER[&amp;quot;False_Easting&amp;quot;,0.0],PARAMETER[&amp;quot;False_Northing&amp;quot;,0.0],PARAMETER[&amp;quot;Central_Meridian&amp;quot;,-96.0],PARAMETER[&amp;quot;Standard_Parallel_1&amp;quot;,20.0],PARAMETER[&amp;quot;Standard_Parallel_2&amp;quot;,60.0],PARAMETER[&amp;quot;Latitude_Of_Origin&amp;quot;,40.0],UNIT[&amp;quot;Meter&amp;quot;,1.0],AUTHORITY[&amp;quot;Esri&amp;quot;,102008]]&lt;/WKT&gt;&lt;XOrigin&gt;-16688100&lt;/XOrigin&gt;&lt;YOrigin&gt;-9068200&lt;/YOrigin&gt;&lt;XYScale&gt;269868926.20313245&lt;/XYScale&gt;&lt;ZOrigin&gt;-100000&lt;/ZOrigin&gt;&lt;ZScale&gt;10000&lt;/ZScale&gt;&lt;MOrigin&gt;-100000&lt;/MOrigin&gt;&lt;MScale&gt;10000&lt;/MScale&gt;&lt;XYTolerance&gt;0.001&lt;/XYTolerance&gt;&lt;ZTolerance&gt;0.001&lt;/ZTolerance&gt;&lt;MTolerance&gt;0.001&lt;/MTolerance&gt;&lt;HighPrecision&gt;true&lt;/HighPrecision&gt;&lt;WKID&gt;102008&lt;/WKID&gt;&lt;LatestWKID&gt;102008&lt;/LatestWKID&gt;&lt;/ProjectedCoordinateSystem&gt;</peXml>
			</coordRef>
			<lineage>
				<Process ToolSource="C:\program files\arcgis\server\ArcToolbox\Toolboxes\Conversion Tools.tbx\FeatureClassToFeatureClass" Date="20180825" Time="013703">FeatureClassToFeatureClass /var/ftp/gdrs_temp/update\us_mn_state_pca\env_impaired_water_2014\fgdb\env_impaired_water_2014.gdb\impaired_2014_lakes_pts /var/ftp/gdrs_temp/update\us_mn_state_pca\env_impaired_water_2014\shp impaired_2014_lakes_pts.shp # "WATER_NAME "WATER_NAME" true true false 100 Text 0 0 ,First,#,/var/ftp/gdrs_temp/update\us_mn_state_pca\env_impaired_water_2014\fgdb\env_impaired_water_2014.gdb\impaired_2014_lakes_pts,WATER_NAME,-1,-1;LOCATION "LOCATION" true true false 120 Text 0 0 ,First,#,/var/ftp/gdrs_temp/update\us_mn_state_pca\env_impaired_water_2014\fgdb\env_impaired_water_2014.gdb\impaired_2014_lakes_pts,LOCATION,-1,-1;ACRES "ACRES" true true false 8 Double 0 0 ,First,#,/var/ftp/gdrs_temp/update\us_mn_state_pca\env_impaired_water_2014\fgdb\env_impaired_water_2014.gdb\impaired_2014_lakes_pts,ACRES,-1,-1;AUID "AUID" true true false 12 Text 0 0 ,First,#,/var/ftp/gdrs_temp/update\us_mn_state_pca\env_impaired_water_2014\fgdb\env_impaired_water_2014.gdb\impaired_2014_lakes_pts,AUID,-1,-1;CAT "CAT" true true false 3 Text 0 0 ,First,#,/var/ftp/gdrs_temp/update\us_mn_state_pca\env_impaired_water_2014\fgdb\env_impaired_water_2014.gdb\impaired_2014_lakes_pts,CAT,-1,-1;AFFECTED_U "AFFECTED_U" true true false 254 Text 0 0 ,First,#,/var/ftp/gdrs_temp/update\us_mn_state_pca\env_impaired_water_2014\fgdb\env_impaired_water_2014.gdb\impaired_2014_lakes_pts,AFFECTED_U,-1,-1;NOPLN "NOPLN" true true false 254 Text 0 0 ,First,#,/var/ftp/gdrs_temp/update\us_mn_state_pca\env_impaired_water_2014\fgdb\env_impaired_water_2014.gdb\impaired_2014_lakes_pts,NOPLN,-1,-1;APPROVED "APPROVED" true true false 254 Text 0 0 ,First,#,/var/ftp/gdrs_temp/update\us_mn_state_pca\env_impaired_water_2014\fgdb\env_impaired_water_2014.gdb\impaired_2014_lakes_pts,APPROVED,-1,-1;NEEDSPLN "NEEDSPLN" true true false 254 Text 0 0 ,First,#,/var/ftp/gdrs_temp/update\us_mn_state_pca\env_impaired_water_2014\fgdb\env_impaired_water_2014.gdb\impaired_2014_lakes_pts,NEEDSPLN,-1,-1;IMPAIR_PAR "IMPAIR_PAR" true true false 254 Text 0 0 ,First,#,/var/ftp/gdrs_temp/update\us_mn_state_pca\env_impaired_water_2014\fgdb\env_impaired_water_2014.gdb\impaired_2014_lakes_pts,IMPAIR_PAR,-1,-1;NEW_2014 "NEW_2014" true true false 50 Text 0 0 ,First,#,/var/ftp/gdrs_temp/update\us_mn_state_pca\env_impaired_water_2014\fgdb\env_impaired_water_2014.gdb\impaired_2014_lakes_pts,NEW_2014,-1,-1;HUC8 "HUC8" true true false 8 Text 0 0 ,First,#,/var/ftp/gdrs_temp/update\us_mn_state_pca\env_impaired_water_2014\fgdb\env_impaired_water_2014.gdb\impaired_2014_lakes_pts,HUC8,-1,-1;HUC8_NAME "HUC8_NAME" true true false 50 Text 0 0 ,First,#,/var/ftp/gdrs_temp/update\us_mn_state_pca\env_impaired_water_2014\fgdb\env_impaired_water_2014.gdb\impaired_2014_lakes_pts,HUC8_NAME,-1,-1;HUC4 "HUC4" true true false 10 Text 0 0 ,First,#,/var/ftp/gdrs_temp/update\us_mn_state_pca\env_impaired_water_2014\fgdb\env_impaired_water_2014.gdb\impaired_2014_lakes_pts,HUC4,-1,-1;BASIN "BASIN" true true false 50 Text 0 0 ,First,#,/var/ftp/gdrs_temp/update\us_mn_state_pca\env_impaired_water_2014\fgdb\env_impaired_water_2014.gdb\impaired_2014_lakes_pts,BASIN,-1,-1;ALL_COUNTI "ALL_COUNTI" true true false 55 Text 0 0 ,First,#,/var/ftp/gdrs_temp/update\us_mn_state_pca\env_impaired_water_2014\fgdb\env_impaired_water_2014.gdb\impaired_2014_lakes_pts,ALL_COUNTI,-1,-1;WDWMO_NAME "WDWMO_NAME" true true false 150 Text 0 0 ,First,#,/var/ftp/gdrs_temp/update\us_mn_state_pca\env_impaired_water_2014\fgdb\env_impaired_water_2014.gdb\impaired_2014_lakes_pts,WDWMO_NAME,-1,-1;WDWMO_TYPE "WDWMO_TYPE" true true false 30 Text 0 0 ,First,#,/var/ftp/gdrs_temp/update\us_mn_state_pca\env_impaired_water_2014\fgdb\env_impaired_water_2014.gdb\impaired_2014_lakes_pts,WDWMO_TYPE,-1,-1;Chloride "Chloride" true true false 20 Text 0 0 ,First,#,/var/ftp/gdrs_temp/update\us_mn_state_pca\env_impaired_water_2014\fgdb\env_impaired_water_2014.gdb\impaired_2014_lakes_pts,Chloride,-1,-1;HgF "HgF" true true false 20 Text 0 0 ,First,#,/var/ftp/gdrs_temp/update\us_mn_state_pca\env_impaired_water_2014\fgdb\env_impaired_water_2014.gdb\impaired_2014_lakes_pts,HgF,-1,-1;HgW "HgW" true true false 20 Text 0 0 ,First,#,/var/ftp/gdrs_temp/update\us_mn_state_pca\env_impaired_water_2014\fgdb\env_impaired_water_2014.gdb\impaired_2014_lakes_pts,HgW,-1,-1;Nutrients "Nutrients" true true false 20 Text 0 0 ,First,#,/var/ftp/gdrs_temp/update\us_mn_state_pca\env_impaired_water_2014\fgdb\env_impaired_water_2014.gdb\impaired_2014_lakes_pts,Nutrients,-1,-1;PCBF "PCBF" true true false 20 Text 0 0 ,First,#,/var/ftp/gdrs_temp/update\us_mn_state_pca\env_impaired_water_2014\fgdb\env_impaired_water_2014.gdb\impaired_2014_lakes_pts,PCBF,-1,-1;PFOS_W "PFOS_W" true true false 20 Text 0 0 ,First,#,/var/ftp/gdrs_temp/update\us_mn_state_pca\env_impaired_water_2014\fgdb\env_impaired_water_2014.gdb\impaired_2014_lakes_pts,PFOS_W,-1,-1;ORIG_FID "ORIG_FID" true true false 4 Long 0 0 ,First,#,/var/ftp/gdrs_temp/update\us_mn_state_pca\env_impaired_water_2014\fgdb\env_impaired_water_2014.gdb\impaired_2014_lakes_pts,ORIG_FID,-1,-1" #</Process>
			</lineage>
		</DataProperties>
		<SyncDate>20180825</SyncDate>
		<SyncTime>01370300</SyncTime>
		<ModDate>20180825</ModDate>
		<ModTime>01370300</ModTime>
		<scaleRange>
			<minScale>150000000</minScale>
			<maxScale>5000</maxScale>
		</scaleRange>
		<ArcGISProfile>FGDC</ArcGISProfile>
	</Esri>
	<dataIdInfo>
		<envirDesc Sync="TRUE">Microsoft Windows XP Professional x64 Edition Version 5.2 (Build 3790) Service Pack 2; Esri ArcGIS 10.4.1.5686</envirDesc>
		<dataLang>
			<languageCode value="en" Sync="TRUE"/>
			<countryCode value="US" Sync="TRUE"/>
		</dataLang>
		<idCitation>
			<resTitle Sync="FALSE">Impaired Lakes Points, Minnesota, 2014 (Final)</resTitle>
			<presForm>
				<PresFormCd value="005" Sync="TRUE"/>
			</presForm>
		</idCitation>
		<spatRpType>
			<SpatRepTypCd value="001" Sync="TRUE"/>
		</spatRpType>
		<dataExt>
			<geoEle xmlns="">
				<GeoBndBox esriExtentType="search">
					<exTypeCode Sync="TRUE">1</exTypeCode>
					<westBL Sync="TRUE">-96.775500</westBL>
					<eastBL Sync="TRUE">-85.879751</eastBL>
					<northBL Sync="TRUE">49.079486</northBL>
					<southBL Sync="TRUE">43.211655</southBL>
				</GeoBndBox>
			</geoEle>
		</dataExt>
		<idPurp>These data are intended to be used for planning, informational, and cartographic purposes related to surface water quality in Minnesota.</idPurp>
		<idAbs>&lt;DIV STYLE="text-align:Left;"&gt;&lt;DIV&gt;&lt;DIV&gt;&lt;P&gt;&lt;SPAN&gt;This is a draft set of centroids of the impaired lakes as determined by MPCA's surface water quality assessment process in 2012 and 2013 for the 2014 reporting cycle to US Environmental Protection Agency (EPA). Lakes declared impaired prior to 2012 are also included in this dataset unless they have been delisted. The waterbodies included in the dataset were approved by EPA on May 29th, 2018. These lakes are a subset and enhancement of the 1:24,000 scale National Hydrography Dataset (NHD). In cases where the NHD does not include lakes that MPCA has assessed, additional lakes from the MN Department of Natural Resources (DNR) Division of Waters lakes database are added. Since the impaired lakes are a small subset of the NHD and DNR lakes, only that subset is included in the dataset. This dataset includes impaired lakes which have not yet had a TMDL plan approved by the US EPA, those that have a US EPA approved TMDL plan as well as those lakes that do not need a TMDL plan.&lt;/SPAN&gt;&lt;/P&gt;&lt;/DIV&gt;&lt;/DIV&gt;&lt;/DIV&gt;</idAbs>
		<searchKeys>
			<keyword>inlandWaters</keyword>
			<keyword>surface water</keyword>
			<keyword>water chemistry</keyword>
			<keyword>water quality</keyword>
		</searchKeys>
	</dataIdInfo>
	<mdLang>
		<languageCode value="en" Sync="TRUE"/>
		<countryCode value="US" Sync="TRUE"/>
	</mdLang>
	<distInfo>
		<distFormat>
			<formatName Sync="TRUE">Shapefile</formatName>
		</distFormat>
		<distTranOps>
			<transSize Sync="TRUE">0.000</transSize>
		</distTranOps>
	</distInfo>
	<mdHrLv>
		<ScopeCd value="005" Sync="TRUE"/>
	</mdHrLv>
	<mdHrLvName Sync="TRUE">dataset</mdHrLvName>
	<refSysInfo>
		<RefSystem>
			<refSysID>
				<identCode code="102008" Sync="TRUE"/>
				<idCodeSpace Sync="TRUE">Esri</idCodeSpace>
				<idVersion Sync="TRUE">4.0.0</idVersion>
			</refSysID>
		</RefSystem>
	</refSysInfo>
	<spatRepInfo>
		<VectSpatRep>
			<geometObjs Name="impaired_2014_lakes_pts">
				<geoObjTyp>
					<GeoObjTypCd value="004" Sync="TRUE"/>
				</geoObjTyp>
				<geoObjCnt Sync="TRUE">0</geoObjCnt>
			</geometObjs>
			<topLvl>
				<TopoLevCd value="001" Sync="TRUE"/>
			</topLvl>
		</VectSpatRep>
	</spatRepInfo>
	<spdoinfo>
		<ptvctinf>
			<esriterm Name="impaired_2014_lakes_pts">
				<efeatyp Sync="TRUE">Simple</efeatyp>
				<efeageom code="1" Sync="TRUE"/>
				<esritopo Sync="TRUE">FALSE</esritopo>
				<efeacnt Sync="TRUE">0</efeacnt>
				<spindex Sync="TRUE">FALSE</spindex>
				<linrefer Sync="TRUE">FALSE</linrefer>
			</esriterm>
		</ptvctinf>
	</spdoinfo>
	<mdDateSt Sync="TRUE">20180825</mdDateSt>
</metadata>
