<metadata>
	<eainfo>
		<overview>
			<eaover>All lakes contained in this shapefile are on the proposed 2016 Impaired Waters list prepared by the Minnesota Pollution Control Agency.

AUID: Assessment Unit ID, a waterbody identifer based on the MN DNR lake ID. This AUID constitutes a unique identifer for each lake in the dataset.

CAT: EPA Consolidation Assessment and Listing Methodology [CALM] category, which integrates the 305(b) Report with the 303(d) TMDL List.
The five categories in CALM are as follows:
Category 1: all designated uses are meeting water quality standards
Category 2: some uses are meeting water quality standards and there are insufficient data to assess other uses
Category 3: there are insufficient data to assess any uses
Category 4: at least one use is impaired, but a TMDL is not required
Category 5: at least one use is impaired and a TMDL is required. These become the List of impaired waters.

A reach can only be placed into one Category. For example, if a reach is impaired for one pollutant but the other uses are being met, and a TMDL is required, that reach would be placed into Category 5. Furthermore, if the reach is impaired for more than one pollutant, the reach must stay in Category 5 until ALL pollutants have EPA-approved TMDL plans.

For 'bookkeeping' purposes, these Categories can be sub-divided. Category 4 has the following four sub-categories:
4A: Impaired, but a TMDL study has been approved by EPA
4B: Impaired, but a TMDL study is not required because water quality standards are expected to be met in the near future
4C: Impaired, but a TMDL study is not required because the impairment is not caused by a pollutant
4D: An assessment unit is impaired or threatened but doesn't require a TMDL because the impairment is due to natural conditions with only insignificant anthropogenic influence. To be considered 'insignificant', the elimination of the anthropogenic influence would not lead to the attainment of water quality standards and it would not be included in formal pollution reduction goal-setting activities. A reach-specific water quality standard based on local natural conditions has yet to be determined. Upon determination, the assessment unit will be considered non-impaired for the natural conditions and re-categorized to an appropriate category.
4E: Impaired or threatened but existing data indicates a TMDL is not required because impairment is solely a result of natural sources; a final determination of Category 4D will be made in the next assessment cycle pending confirmation from additional information (i.e. water quality or land use).

Category 5 has the following three sub-categories:
5A: Impaired by multiple pollutants and no TMDL study plans are approved by EPA
5B: Impaired by multiple pollutants and at least one TMDL study plan is approved by EPA
5C: Impaired by one pollutant and no TMDL study plan is approved by EPA

NAME: Name of the lake associated with the AUID.

REACH_DESC: The description of the lake's location.

USE_CLASS: Use class per MN Statute 7050.0470.

AREA_ACRES: The area, in acres of the lake (assessment unit).

AFFECTED_U(SE): Impaired Use(s)
Possible Values:
AQL: Aquatic Life
AQR: Aquatic Recreation
AQC: Aquatic Consumption
DW: Drinking Water
LRV: Limited Resource Value

Impairment Fields
The TMDL_xxxx fields contain parameters for which the waterbody is impaired. A complete list of parameter abreviations and their associated pollutants can be found below, in the Target Start Years portion of the metadata document.

TMDL_NOT_R(EQUIRED): The parameter(s) for which no TMDL plans is required.

TMDL_APPRO(VED): The parameter(s) for which TMDL plans have been approved.

TMDL_NEEDE(D): The pollutant(s) for which TMDL plans must be developed and approved.

IMPAIR_PAR(AMETERS): Parameters listed in TMDL_APPROVED and TMDL_NEEDED that cause the stream to be impaired.

NEW_IMPAIR(MENTS): Parameters proposed to be listed for the first time in the reporting cycle of the dataset.

Potential values for impairment parameters in the above fields:
Cl-: Chloride
InvertBio: Aquatic macroinvertebrate bioassessments
Nutrients: Nutrient/eutrophication biological indicators
PlantBio: Aquatic plant bioassessments

HUC_8: The numeric code of the 8 digit Watershed Boundary Dataset (WBD) polygon that this waterbody is primarily associated with.

HUC_8_NAME: The name of the DNR major watershed that this waterbody is primarily associated with.

HUC_4: The numeric code of the 4 digit Watershed Boundary Dataset (WBD) polygon that this waterbody is primarily associated with.

BASIN: The name of the basin (HUC4) in which this waterbody is located.

COUNTY: The name of the county that the majority of this waterbody, or the sampling sites, intersects.

TRIBAL_INT: Values include None, Partially, and Wholly. Depicts the intersection relationship between the waterbody and Indian reservations.

INDIAN_RES: The name of the tribe who's land the waterbody intersects.

Target start year fields:
These fields indicate the target start year for a TMDL addressing their respective pollutants:

Fields:
INVERT_BIO: Macroinvertebrate  Index of Biological Integrity
NUTRIENTS: Nutrient/eutrophication biological indicators
PLANTBIO: Aquatic plant bioassessments
</eaover>
		</overview>
		<detailed Name="impaired_2016_wetlands">
			<enttyp>
				<enttypl Sync="TRUE">impaired_2016_wetlands</enttypl>
				<enttypt Sync="TRUE">Feature Class</enttypt>
				<enttypc Sync="TRUE">0</enttypc>
			</enttyp>
			<attr>
				<attrlabl Sync="TRUE">FID</attrlabl>
				<attalias Sync="TRUE">FID</attalias>
				<attrtype Sync="TRUE">OID</attrtype>
				<attwidth Sync="TRUE">4</attwidth>
				<atprecis Sync="TRUE">0</atprecis>
				<attscale Sync="TRUE">0</attscale>
				<attrdef Sync="TRUE">Internal feature number.</attrdef>
				<attrdefs Sync="TRUE">Esri</attrdefs>
				<attrdomv>
					<udom Sync="TRUE">Sequential unique whole numbers that are automatically generated.</udom>
				</attrdomv>
			</attr>
			<attr>
				<attrlabl Sync="TRUE">SHAPE</attrlabl>
				<attalias Sync="TRUE">Shape</attalias>
				<attrtype Sync="TRUE">Geometry</attrtype>
				<attwidth Sync="TRUE">0</attwidth>
				<atprecis Sync="TRUE">0</atprecis>
				<attscale Sync="TRUE">0</attscale>
				<attrdef Sync="TRUE">Feature geometry.</attrdef>
				<attrdefs Sync="TRUE">Esri</attrdefs>
				<attrdomv>
					<udom Sync="TRUE">Coordinates defining the features.</udom>
				</attrdomv>
			</attr>
			<attr>
				<attrlabl Sync="TRUE">AUID</attrlabl>
				<attalias Sync="TRUE">AUID</attalias>
				<attrtype Sync="TRUE">String</attrtype>
				<attwidth Sync="TRUE">16</attwidth>
				<atprecis Sync="TRUE">0</atprecis>
				<attscale Sync="TRUE">0</attscale>
			</attr>
			<attr>
				<attrlabl Sync="TRUE">CAT</attrlabl>
				<attalias Sync="TRUE">CAT</attalias>
				<attrtype Sync="TRUE">String</attrtype>
				<attwidth Sync="TRUE">4</attwidth>
				<atprecis Sync="TRUE">0</atprecis>
				<attscale Sync="TRUE">0</attscale>
			</attr>
			<attr>
				<attrlabl Sync="TRUE">DATASET_NA</attrlabl>
				<attalias Sync="TRUE">DATASET_NA</attalias>
				<attrtype Sync="TRUE">String</attrtype>
				<attwidth Sync="TRUE">9</attwidth>
				<atprecis Sync="TRUE">0</atprecis>
				<attscale Sync="TRUE">0</attscale>
			</attr>
			<attr>
				<attrlabl Sync="TRUE">NAME</attrlabl>
				<attalias Sync="TRUE">NAME</attalias>
				<attrtype Sync="TRUE">String</attrtype>
				<attwidth Sync="TRUE">100</attwidth>
				<atprecis Sync="TRUE">0</atprecis>
				<attscale Sync="TRUE">0</attscale>
			</attr>
			<attr>
				<attrlabl Sync="TRUE">REACH_DESC</attrlabl>
				<attalias Sync="TRUE">REACH_DESC</attalias>
				<attrtype Sync="TRUE">String</attrtype>
				<attwidth Sync="TRUE">120</attwidth>
				<atprecis Sync="TRUE">0</atprecis>
				<attscale Sync="TRUE">0</attscale>
			</attr>
			<attr>
				<attrlabl Sync="TRUE">USE_CLASS</attrlabl>
				<attalias Sync="TRUE">USE_CLASS</attalias>
				<attrtype Sync="TRUE">String</attrtype>
				<attwidth Sync="TRUE">15</attwidth>
				<atprecis Sync="TRUE">0</atprecis>
				<attscale Sync="TRUE">0</attscale>
			</attr>
			<attr>
				<attrlabl Sync="TRUE">AREA_ACRES</attrlabl>
				<attalias Sync="TRUE">AREA_ACRES</attalias>
				<attrtype Sync="TRUE">Single</attrtype>
				<attwidth Sync="TRUE">13</attwidth>
				<atprecis Sync="TRUE">0</atprecis>
				<attscale Sync="TRUE">0</attscale>
			</attr>
			<attr>
				<attrlabl Sync="TRUE">AFFECTED_U</attrlabl>
				<attalias Sync="TRUE">AFFECTED_U</attalias>
				<attrtype Sync="TRUE">String</attrtype>
				<attwidth Sync="TRUE">254</attwidth>
				<atprecis Sync="TRUE">0</atprecis>
				<attscale Sync="TRUE">0</attscale>
			</attr>
			<attr>
				<attrlabl Sync="TRUE">TMDL_NOT_R</attrlabl>
				<attalias Sync="TRUE">TMDL_NOT_R</attalias>
				<attrtype Sync="TRUE">String</attrtype>
				<attwidth Sync="TRUE">254</attwidth>
				<atprecis Sync="TRUE">0</atprecis>
				<attscale Sync="TRUE">0</attscale>
			</attr>
			<attr>
				<attrlabl Sync="TRUE">TMDL_NOT_1</attrlabl>
				<attalias Sync="TRUE">TMDL_NOT_1</attalias>
				<attrtype Sync="TRUE">String</attrtype>
				<attwidth Sync="TRUE">254</attwidth>
				<atprecis Sync="TRUE">0</atprecis>
				<attscale Sync="TRUE">0</attscale>
			</attr>
			<attr>
				<attrlabl Sync="TRUE">TMDL_APPRO</attrlabl>
				<attalias Sync="TRUE">TMDL_APPRO</attalias>
				<attrtype Sync="TRUE">String</attrtype>
				<attwidth Sync="TRUE">254</attwidth>
				<atprecis Sync="TRUE">0</atprecis>
				<attscale Sync="TRUE">0</attscale>
			</attr>
			<attr>
				<attrlabl Sync="TRUE">TMDL_APP_1</attrlabl>
				<attalias Sync="TRUE">TMDL_APP_1</attalias>
				<attrtype Sync="TRUE">String</attrtype>
				<attwidth Sync="TRUE">254</attwidth>
				<atprecis Sync="TRUE">0</atprecis>
				<attscale Sync="TRUE">0</attscale>
			</attr>
			<attr>
				<attrlabl Sync="TRUE">TMDL_NEEDE</attrlabl>
				<attalias Sync="TRUE">TMDL_NEEDE</attalias>
				<attrtype Sync="TRUE">String</attrtype>
				<attwidth Sync="TRUE">254</attwidth>
				<atprecis Sync="TRUE">0</atprecis>
				<attscale Sync="TRUE">0</attscale>
			</attr>
			<attr>
				<attrlabl Sync="TRUE">TMDL_NEE_1</attrlabl>
				<attalias Sync="TRUE">TMDL_NEE_1</attalias>
				<attrtype Sync="TRUE">String</attrtype>
				<attwidth Sync="TRUE">254</attwidth>
				<atprecis Sync="TRUE">0</atprecis>
				<attscale Sync="TRUE">0</attscale>
			</attr>
			<attr>
				<attrlabl Sync="TRUE">IMPAIR_PAR</attrlabl>
				<attalias Sync="TRUE">IMPAIR_PAR</attalias>
				<attrtype Sync="TRUE">String</attrtype>
				<attwidth Sync="TRUE">254</attwidth>
				<atprecis Sync="TRUE">0</atprecis>
				<attscale Sync="TRUE">0</attscale>
			</attr>
			<attr>
				<attrlabl Sync="TRUE">IMPAIR_P_1</attrlabl>
				<attalias Sync="TRUE">IMPAIR_P_1</attalias>
				<attrtype Sync="TRUE">String</attrtype>
				<attwidth Sync="TRUE">254</attwidth>
				<atprecis Sync="TRUE">0</atprecis>
				<attscale Sync="TRUE">0</attscale>
			</attr>
			<attr>
				<attrlabl Sync="TRUE">NEW_IMPAIR</attrlabl>
				<attalias Sync="TRUE">NEW_IMPAIR</attalias>
				<attrtype Sync="TRUE">String</attrtype>
				<attwidth Sync="TRUE">254</attwidth>
				<atprecis Sync="TRUE">0</atprecis>
				<attscale Sync="TRUE">0</attscale>
			</attr>
			<attr>
				<attrlabl Sync="TRUE">NEW_IMPA_1</attrlabl>
				<attalias Sync="TRUE">NEW_IMPA_1</attalias>
				<attrtype Sync="TRUE">String</attrtype>
				<attwidth Sync="TRUE">254</attwidth>
				<atprecis Sync="TRUE">0</atprecis>
				<attscale Sync="TRUE">0</attscale>
			</attr>
			<attr>
				<attrlabl Sync="TRUE">HUC_8</attrlabl>
				<attalias Sync="TRUE">HUC_8</attalias>
				<attrtype Sync="TRUE">String</attrtype>
				<attwidth Sync="TRUE">8</attwidth>
				<atprecis Sync="TRUE">0</atprecis>
				<attscale Sync="TRUE">0</attscale>
			</attr>
			<attr>
				<attrlabl Sync="TRUE">HUC_8_NAME</attrlabl>
				<attalias Sync="TRUE">HUC_8_NAME</attalias>
				<attrtype Sync="TRUE">String</attrtype>
				<attwidth Sync="TRUE">50</attwidth>
				<atprecis Sync="TRUE">0</atprecis>
				<attscale Sync="TRUE">0</attscale>
			</attr>
			<attr>
				<attrlabl Sync="TRUE">HUC_4</attrlabl>
				<attalias Sync="TRUE">HUC_4</attalias>
				<attrtype Sync="TRUE">String</attrtype>
				<attwidth Sync="TRUE">4</attwidth>
				<atprecis Sync="TRUE">0</atprecis>
				<attscale Sync="TRUE">0</attscale>
			</attr>
			<attr>
				<attrlabl Sync="TRUE">BASIN</attrlabl>
				<attalias Sync="TRUE">BASIN</attalias>
				<attrtype Sync="TRUE">String</attrtype>
				<attwidth Sync="TRUE">40</attwidth>
				<atprecis Sync="TRUE">0</atprecis>
				<attscale Sync="TRUE">0</attscale>
			</attr>
			<attr>
				<attrlabl Sync="TRUE">COUNTY</attrlabl>
				<attalias Sync="TRUE">COUNTY</attalias>
				<attrtype Sync="TRUE">String</attrtype>
				<attwidth Sync="TRUE">30</attwidth>
				<atprecis Sync="TRUE">0</atprecis>
				<attscale Sync="TRUE">0</attscale>
			</attr>
			<attr>
				<attrlabl Sync="TRUE">TRIBAL_INT</attrlabl>
				<attalias Sync="TRUE">TRIBAL_INT</attalias>
				<attrtype Sync="TRUE">String</attrtype>
				<attwidth Sync="TRUE">9</attwidth>
				<atprecis Sync="TRUE">0</atprecis>
				<attscale Sync="TRUE">0</attscale>
			</attr>
			<attr>
				<attrlabl Sync="TRUE">INDIAN_RES</attrlabl>
				<attalias Sync="TRUE">INDIAN_RES</attalias>
				<attrtype Sync="TRUE">String</attrtype>
				<attwidth Sync="TRUE">100</attwidth>
				<atprecis Sync="TRUE">0</atprecis>
				<attscale Sync="TRUE">0</attscale>
			</attr>
			<attr>
				<attrlabl Sync="TRUE">INVERTBIO</attrlabl>
				<attalias Sync="TRUE">INVERTBIO</attalias>
				<attrtype Sync="TRUE">Single</attrtype>
				<attwidth Sync="TRUE">13</attwidth>
				<atprecis Sync="TRUE">0</atprecis>
				<attscale Sync="TRUE">0</attscale>
			</attr>
			<attr>
				<attrlabl Sync="TRUE">NUTRIENTS</attrlabl>
				<attalias Sync="TRUE">NUTRIENTS</attalias>
				<attrtype Sync="TRUE">Single</attrtype>
				<attwidth Sync="TRUE">13</attwidth>
				<atprecis Sync="TRUE">0</atprecis>
				<attscale Sync="TRUE">0</attscale>
			</attr>
			<attr>
				<attrlabl Sync="TRUE">PLANTBIO</attrlabl>
				<attalias Sync="TRUE">PLANTBIO</attalias>
				<attrtype Sync="TRUE">Single</attrtype>
				<attwidth Sync="TRUE">13</attwidth>
				<atprecis Sync="TRUE">0</atprecis>
				<attscale Sync="TRUE">0</attscale>
			</attr>
			<attr>
				<attrlabl Sync="TRUE">SHAPE_Leng</attrlabl>
				<attalias Sync="TRUE">SHAPE_Leng</attalias>
				<attrtype Sync="TRUE">Double</attrtype>
				<attwidth Sync="TRUE">19</attwidth>
				<atprecis Sync="TRUE">0</atprecis>
				<attscale Sync="TRUE">0</attscale>
			</attr>
			<attr>
				<attrlabl Sync="TRUE">SHAPE_Area</attrlabl>
				<attalias Sync="TRUE">SHAPE_Area</attalias>
				<attrtype Sync="TRUE">Double</attrtype>
				<attwidth Sync="TRUE">19</attwidth>
				<atprecis Sync="TRUE">0</atprecis>
				<attscale Sync="TRUE">0</attscale>
				<attrdef Sync="TRUE">Area of feature in internal units squared.</attrdef>
				<attrdefs Sync="TRUE">Esri</attrdefs>
				<attrdomv>
					<udom Sync="TRUE">Positive real numbers that are automatically generated.</udom>
				</attrdomv>
			</attr>
		</detailed>
	</eainfo>
	<idinfo>
		<citation>
			<citeinfo>
				<origin>Minnesota Pollution Control Agency</origin>
				<title>Impaired Wetlands, Minnesota, 2016 (Final)</title>
				<pubinfo>
					<publish>Minnesota Pollution Control Agency</publish>
				</pubinfo>
				<pubdate>20190206</pubdate>
				<onlink>None available</onlink>
			</citeinfo>
		</citation>
		<descript>
			<abstract>This is a set of the impaired wetlands as determined by MPCA's surface water quality assessment process in 2014 and 2015 for the 2016 reporting cycling to US Environmental Protection Agency (EPA). Wetlands declared impaired prior to 2016 are also included in this dataset unless they have been delisted. The waterbodies included in the dataset were submitted to EPA in January, 2017 as part of the impaired waters list. EPA approved the data without requesting any changes in January, 2019. Note that for the purpose of submitting the impaired waters list to EPA, waterbodies partially or wholly within Indian reservation boundaries are published in separate datasets. The MPCA still considers these waters impaired and has an interest in restoring them. The MPCA respectfully requests that the waters partially or wholly within Indian reservations be symbolized differently on map products so that viewers can differentiate them from waters not intersecting Indian reservations. These wetlands are a subset and enhancement of the 1:24,000 scale National Hydrography Dataset (NHD). In cases where the NHD does not include wetlands that MPCA has assessed, additional wetlands from the MN Department of Natural Resources (DNR) Division of Waters lakes database are added. Since the impaired wetlands are a small subset of the NHD and DNR wetlands only that subset is included in the dataset. This dataset includes impaired wetlands which have not yet had a TMDL plan approved by the US EPA, those that have a US EPA approved TMDL plan as well as those wetlands that do not need a TMDL plan. To be notified of updates to this shapefile, please send an email to kristofor.parson@state.mn.us</abstract>
			<purpose>These data are intended to be used for planning, informational, and cartographic purposes related to surface water quality in Minnesota.</purpose>
			<supplinf>State of Minnesota</supplinf>
		</descript>
		<crossref>
			<citeinfo>
				<title>Detailed information regarding the impaired waterbodies is available in spreadsheet form here: http://www.pca.state.mn.us/index.php/view-document.html?gid=20205</title>
			</citeinfo>
		</crossref>
		<timeperd>
			<current>These data reflect the state of the MPCA's surface water assessment database as of the dataset publication date.</current>
			<timeinfo>
				<sngdate>
					<caldate>20190206</caldate>
				</sngdate>
			</timeinfo>
		</timeperd>
		<status>
			<progress>Complete</progress>
			<update>None Planned</update>
		</status>
		<accconst>None</accconst>
		<keywords>
			<place>
				<placekey>Minnesota</placekey>
			</place>
			<theme>
				<themekt>ISO 19115</themekt>
				<themekey>inlandWaters, surface water, water chemistry, water quality</themekey>
			</theme>
		</keywords>
		<ptcontac>
			<cntinfo>
				<cntperp>
					<cntorg>Minnesota Pollution Control Agency</cntorg>
					<cntper>Kristofor Parson</cntper>
				</cntperp>
				<cntpos>Data Specialist</cntpos>
				<cntaddr>
					<addrtype>Mailing and Physical</addrtype>
					<address>525 S. Lake Ave.</address>
					<city>Duluth</city>
					<state>MN</state>
					<postal>55802</postal>
				</cntaddr>
				<cntvoice>218-302-6622</cntvoice>
				<cntemail>kristofor.parson@state.mn.us</cntemail>
			</cntinfo>
		</ptcontac>
	</idinfo>
	<metainfo>
		<metd>20190206</metd>
		<metstdn>Minnesota Geographic Metadata Guidelines</metstdn>
		<metstdv>1.2</metstdv>
		<metextns>
			<onlink>http://www.mngeo.state.mn.us/committee/standards/mgmg/metadata.htm</onlink>
		</metextns>
		<metc>
			<cntinfo>
				<cntperp>
					<cntorg>Minnesota Pollution Control Agency</cntorg>
					<cntper>Kristofor Parson</cntper>
				</cntperp>
				<cntpos>Data Specialist</cntpos>
				<cntaddr>
					<addrtype>mailing and physical</addrtype>
					<address>525 S. Lake Ave.</address>
					<city>Duluth</city>
					<state>MN</state>
					<postal>55802</postal>
				</cntaddr>
				<cntvoice>218-302-6622</cntvoice>
				<cntemail>kristofor.parson@state.mn.us</cntemail>
			</cntinfo>
		</metc>
	</metainfo>
	<distinfo>
		<resdesc>Impaired Wetlands, Minnesota, 2016 (Final)</resdesc>
		<distliab>NOTICE: The Geographic Information System (GIS) Data to which this notice is attached are made available pursuant to the Minnesota Government Data Practices Act (Minnesota Statutes Chapter 13). THE GIS DATA ARE PROVIDED TO YOU AS IS AND WITHOUT ANY WARRANTY AS TO THEIR PERFORMANCE, MERCHANTABILITY, OR FITNESS FOR ANY PARTICULAR PURPOSE. The GIS Data were developed by the Minnesota Pollution Control Agnecy for its own internal business purposes. The Minnesota Pollution Control Agency does not represent or warrant that the GIS Data or the data documentation are error-free, complete, current, or accurate. You are responsible for any consequences resulting from your use of the GIS Data or your reliance on the GIS Data. You should consult the data documentation for this particular GIS Data to determine the limitations of the GIS Data and the precision with which the GIS Data may depict distance, direction, location, or other geographic features. If you transmit or provide the GIS Data (or any portion of it) to another user, the GIS Data must include a copy of this disclaimer.</distliab>
		<stdorder>
			<ordering>These data may be requested from Kristofor Parson, Minnesota Pollution Control Agency. </ordering>
		</stdorder>
		<distrib>
			<cntinfo>
				<cntperp>
					<cntorg>Minnesota Pollution Control Agency</cntorg>
					<cntper>Kristofor Parson</cntper>
				</cntperp>
				<cntpos>Data Specialist</cntpos>
				<cntaddr>
					<addrtype>mailing and physical</addrtype>
					<address>525 S. Lake Ave.</address>
					<city>Duluth</city>
					<state>MN</state>
					<postal>55802</postal>
				</cntaddr>
				<cntvoice>218-302-6622</cntvoice>
				<cntemail>kristofor.parson@state.mn.us</cntemail>
			</cntinfo>
		</distrib>
	</distinfo>
	<dataqual>
		<logic>	These data have been audited to ensure every waterbody included in the draft 2016 list of impaired waters has a corresponding feature within this spatial dataset. Date of test: 1/13/2017</logic>
		<complete>These data contain a feature for every waterbody in the draft impaired waters dataset. High-resolution NHD is the primary dataset from which these features are drawn. If no feature exists in the NHD, the MN DNR division of waters lakes database is the source.</complete>
		<posacc>
			<horizpa>
				<horizpar>Statements of horizontal positional accuracy are based on accuracy statements made for U.S. Geological Survey topographic quadrangle maps. These maps were compiled to meet National Map Accuracy Standards. For horizontal accuracy, this standard is met if at least 90 percent of points tested are within 0.02 inch (at map scale) of the true position. Additional offsets to positions may have been introduced where feature density is high to improve the legibility of map symbols. In addition, the digitizing of maps is estimated to contain a horizontal positional error of less than or equal to 0.003 inch standard error (at map scale) in the two component directions relative to the source maps. Visual comparison between the map graphic (including digital scans of the graphic) and plots or digital displays of points, lines, and areas, is used as control to assess the positional accuracy of digital data. Digital map elements along the adjoining edges of data sets are aligned if they are within a 0.02 inch tolerance (at map scale). Features with like dimensionality (for example, features that all are delineated with lines), with or without like characteristics, that are within the tolerance are aligned by moving the features equally to a common point. Features outside the tolerance are not moved; instead, a feature of type connector is added to join the features.
This statement is generally true for the most common sources of NHD data. Other sources and methods may have been used to create or update NHD data. In some cases, additional information may be available from the data provider upon request.</horizpar>
			</horizpa>
		</posacc>
		<lineage>
			<procstep>
				<procdesc>The processes used to create and maintain high-resolution NHD data can be requested from MPCA. Because NHD data can be downloaded using several user-defined areas, the process descriptions can vary for each download. The NHDMetadata table contains a list of all the process descriptions that apply to a particular download, and those descriptions can be associated with the impaired waters polygons by MPCA staff upon request. MN DNR lake polygons are maintained to meet DNR business requirements, however, MPCA makes requests for DNR to add lakes to thier lakes DB for cases where MCPA monitors a waterbody that does not have an existing DNR feature. For information on specific polygons contact MPCA.</procdesc>
			</procstep>
		</lineage>
	</dataqual>
	<spref>
		<horizsys>
			<planar>
				<planci>
					<plandu>meters</plandu>
				</planci>
			</planar>
			<geodetic>
				<horizdn>NAD83</horizdn>
				<ellips>GRS80</ellips>
			</geodetic>
		</horizsys>
	</spref>
	<dataIdInfo>
		<envirDesc Sync="TRUE">Microsoft Windows XP Professional x64 Edition Version 5.2 (Build 3790) Service Pack 2; Esri ArcGIS 10.4.1.5686</envirDesc>
		<dataLang>
			<languageCode value="en" Sync="TRUE"/>
			<countryCode value="US" Sync="TRUE"/>
		</dataLang>
		<idCitation>
			<resTitle Sync="FALSE">Impaired Wetlands, Minnesota, 2016 (Final)</resTitle>
			<presForm>
				<PresFormCd value="005" Sync="TRUE"/>
			</presForm>
		</idCitation>
		<spatRpType>
			<SpatRepTypCd value="001" Sync="TRUE"/>
		</spatRpType>
		<dataExt>
			<geoEle xmlns="">
				<GeoBndBox esriExtentType="search">
					<exTypeCode Sync="TRUE">1</exTypeCode>
					<westBL Sync="TRUE">-96.503609</westBL>
					<eastBL Sync="TRUE">-93.188443</eastBL>
					<northBL Sync="TRUE">45.827465</northBL>
					<southBL Sync="TRUE">44.142999</southBL>
				</GeoBndBox>
			</geoEle>
		</dataExt>
		<idPurp>These data are intended to be used for planning, informational, and cartographic purposes related to surface water quality in Minnesota.</idPurp>
		<idAbs>&lt;DIV STYLE="text-align:Left;"&gt;&lt;DIV&gt;&lt;P&gt;&lt;SPAN&gt;This is a set of the impaired wetlands as determined by MPCA's surface water quality assessment process in 2014 and 2015 for the 2016 reporting cycling to US Environmental Protection Agency (EPA). Wetlands declared impaired prior to 2016 are also included in this dataset unless they have been delisted. The waterbodies included in the dataset were submitted to EPA in January, 2017 as part of the impaired waters list. EPA approved the data without requesting any changes in January, 2019. Note that for the purpose of submitting the impaired waters list to EPA, waterbodies partially or wholly within Indian reservation boundaries are published in separate datasets. The MPCA still considers these waters impaired and has an interest in restoring them. The MPCA respectfully requests that the waters partially or wholly within Indian reservations be symbolized differently on map products so that viewers can differentiate them from waters not intersecting Indian reservations. These wetlands are a subset and enhancement of the 1:24,000 scale National Hydrography Dataset (NHD). In cases where the NHD does not include wetlands that MPCA has assessed, additional wetlands from the MN Department of Natural Resources (DNR) Division of Waters lakes database are added. Since the impaired wetlands are a small subset of the NHD and DNR wetlands only that subset is included in the dataset. This dataset includes impaired wetlands which have not yet had a TMDL plan approved by the US EPA, those that have a US EPA approved TMDL plan as well as those wetlands that do not need a TMDL plan. To be notified of updates to this shapefile, please send an email to kristofor.parson@state.mn.us&lt;/SPAN&gt;&lt;/P&gt;&lt;/DIV&gt;&lt;/DIV&gt;</idAbs>
		<searchKeys>
			<keyword>inlandWaters</keyword>
			<keyword>surface water</keyword>
			<keyword>water chemistry</keyword>
			<keyword>water quality</keyword>
		</searchKeys>
	</dataIdInfo>
	<mdLang>
		<languageCode value="en" Sync="TRUE"/>
		<countryCode value="US" Sync="TRUE"/>
	</mdLang>
	<Esri>
		<DataProperties>
			<itemProps>
				<itemName Sync="TRUE">impaired_2016_wetlands</itemName>
				<imsContentType Sync="TRUE">002</imsContentType>
				<nativeExtBox>
					<westBL Sync="TRUE">227608.858500</westBL>
					<eastBL Sync="TRUE">484940.934200</eastBL>
					<southBL Sync="TRUE">4893397.016400</southBL>
					<northBL Sync="TRUE">5074896.227400</northBL>
					<exTypeCode Sync="TRUE">1</exTypeCode>
				</nativeExtBox>
				<itemLocation>
					<linkage Sync="TRUE">file://\\g46palgdrftp001\Z\var\ftp\gdrs_temp\update\us_mn_state_pca\env_impaired_water_2016\shp\impaired_2016_wetlands.shp</linkage>
					<protocol Sync="TRUE">Local Area Network</protocol>
				</itemLocation>
				<itemSize Sync="TRUE">0.000</itemSize>
			</itemProps>
			<coordRef>
				<type Sync="TRUE">Projected</type>
				<geogcsn Sync="TRUE">GCS_North_American_1983</geogcsn>
				<csUnits Sync="TRUE">Linear Unit: Meter (1.000000)</csUnits>
				<projcsn Sync="TRUE">NAD_1983_UTM_Zone_15N</projcsn>
				<peXml Sync="TRUE">&lt;ProjectedCoordinateSystem xsi:type='typens:ProjectedCoordinateSystem' xmlns:xsi='http://www.w3.org/2001/XMLSchema-instance' xmlns:xs='http://www.w3.org/2001/XMLSchema' xmlns:typens='http://www.esri.com/schemas/ArcGIS/10.4'&gt;&lt;WKT&gt;PROJCS[&amp;quot;NAD_1983_UTM_Zone_15N&amp;quot;,GEOGCS[&amp;quot;GCS_North_American_1983&amp;quot;,DATUM[&amp;quot;D_North_American_1983&amp;quot;,SPHEROID[&amp;quot;GRS_1980&amp;quot;,6378137.0,298.257222101]],PRIMEM[&amp;quot;Greenwich&amp;quot;,0.0],UNIT[&amp;quot;Degree&amp;quot;,0.0174532925199433]],PROJECTION[&amp;quot;Transverse_Mercator&amp;quot;],PARAMETER[&amp;quot;False_Easting&amp;quot;,500000.0],PARAMETER[&amp;quot;False_Northing&amp;quot;,0.0],PARAMETER[&amp;quot;Central_Meridian&amp;quot;,-93.0],PARAMETER[&amp;quot;Scale_Factor&amp;quot;,0.9996],PARAMETER[&amp;quot;Latitude_Of_Origin&amp;quot;,0.0],UNIT[&amp;quot;Meter&amp;quot;,1.0],AUTHORITY[&amp;quot;EPSG&amp;quot;,26915]]&lt;/WKT&gt;&lt;XOrigin&gt;-5120900&lt;/XOrigin&gt;&lt;YOrigin&gt;-9998100&lt;/YOrigin&gt;&lt;XYScale&gt;450445547.3910538&lt;/XYScale&gt;&lt;ZOrigin&gt;-100000&lt;/ZOrigin&gt;&lt;ZScale&gt;10000&lt;/ZScale&gt;&lt;MOrigin&gt;-100000&lt;/MOrigin&gt;&lt;MScale&gt;10000&lt;/MScale&gt;&lt;XYTolerance&gt;0.001&lt;/XYTolerance&gt;&lt;ZTolerance&gt;0.001&lt;/ZTolerance&gt;&lt;MTolerance&gt;0.001&lt;/MTolerance&gt;&lt;HighPrecision&gt;true&lt;/HighPrecision&gt;&lt;WKID&gt;26915&lt;/WKID&gt;&lt;LatestWKID&gt;26915&lt;/LatestWKID&gt;&lt;/ProjectedCoordinateSystem&gt;</peXml>
			</coordRef>
			<lineage>
				<Process ToolSource="C:\program files\arcgis\server\ArcToolbox\Toolboxes\Conversion Tools.tbx\FeatureClassToFeatureClass" Date="20190312" Time="002801">FeatureClassToFeatureClass /var/ftp/gdrs_temp/update\us_mn_state_pca\env_impaired_water_2016\fgdb\env_impaired_water_2016.gdb\impaired_2016_wetlands /var/ftp/gdrs_temp/update\us_mn_state_pca\env_impaired_water_2016\shp impaired_2016_wetlands.shp # "AUID "AUID" true true false 16 Text 0 0 ,First,#,/var/ftp/gdrs_temp/update\us_mn_state_pca\env_impaired_water_2016\fgdb\env_impaired_water_2016.gdb\impaired_2016_wetlands,AUID,-1,-1;CAT "CAT" true true false 4 Text 0 0 ,First,#,/var/ftp/gdrs_temp/update\us_mn_state_pca\env_impaired_water_2016\fgdb\env_impaired_water_2016.gdb\impaired_2016_wetlands,CAT,-1,-1;DATASET_NA "DATASET_NAME" true true false 9 Text 0 0 ,First,#,/var/ftp/gdrs_temp/update\us_mn_state_pca\env_impaired_water_2016\fgdb\env_impaired_water_2016.gdb\impaired_2016_wetlands,DATASET_NAME,-1,-1;NAME "NAME" true true false 100 Text 0 0 ,First,#,/var/ftp/gdrs_temp/update\us_mn_state_pca\env_impaired_water_2016\fgdb\env_impaired_water_2016.gdb\impaired_2016_wetlands,NAME,-1,-1;REACH_DESC "REACH_DESC" true true false 120 Text 0 0 ,First,#,/var/ftp/gdrs_temp/update\us_mn_state_pca\env_impaired_water_2016\fgdb\env_impaired_water_2016.gdb\impaired_2016_wetlands,REACH_DESC,-1,-1;USE_CLASS "USE_CLASS" true true false 15 Text 0 0 ,First,#,/var/ftp/gdrs_temp/update\us_mn_state_pca\env_impaired_water_2016\fgdb\env_impaired_water_2016.gdb\impaired_2016_wetlands,USE_CLASS,-1,-1;AREA_ACRES "LENGTH_AREA" true true false 4 Float 0 0 ,First,#,/var/ftp/gdrs_temp/update\us_mn_state_pca\env_impaired_water_2016\fgdb\env_impaired_water_2016.gdb\impaired_2016_wetlands,AREA_ACRES,-1,-1;AFFECTED_U "AFFECTED_USE" true true false 4000 Text 0 0 ,First,#,/var/ftp/gdrs_temp/update\us_mn_state_pca\env_impaired_water_2016\fgdb\env_impaired_water_2016.gdb\impaired_2016_wetlands,AFFECTED_USE,-1,-1;TMDL_NOT_R "TMDL_NOT_REQUIRED" true true false 4000 Text 0 0 ,First,#,/var/ftp/gdrs_temp/update\us_mn_state_pca\env_impaired_water_2016\fgdb\env_impaired_water_2016.gdb\impaired_2016_wetlands,TMDL_NOT_REQUIRED,-1,-1;TMDL_NOT_1 "TMDL_NOT_REQUIRED_LONG" true true false 4000 Text 0 0 ,First,#,/var/ftp/gdrs_temp/update\us_mn_state_pca\env_impaired_water_2016\fgdb\env_impaired_water_2016.gdb\impaired_2016_wetlands,TMDL_NOT_REQUIRED_LONG,-1,-1;TMDL_APPRO "TMDL_APPROVED" true true false 4000 Text 0 0 ,First,#,/var/ftp/gdrs_temp/update\us_mn_state_pca\env_impaired_water_2016\fgdb\env_impaired_water_2016.gdb\impaired_2016_wetlands,TMDL_APPROVED,-1,-1;TMDL_APP_1 "TMDL_APPROVED_LONG" true true false 4000 Text 0 0 ,First,#,/var/ftp/gdrs_temp/update\us_mn_state_pca\env_impaired_water_2016\fgdb\env_impaired_water_2016.gdb\impaired_2016_wetlands,TMDL_APPROVED_LONG,-1,-1;TMDL_NEEDE "TMDL_NEEDED" true true false 4000 Text 0 0 ,First,#,/var/ftp/gdrs_temp/update\us_mn_state_pca\env_impaired_water_2016\fgdb\env_impaired_water_2016.gdb\impaired_2016_wetlands,TMDL_NEEDED,-1,-1;TMDL_NEE_1 "TMDL_NEEDED_LONG" true true false 4000 Text 0 0 ,First,#,/var/ftp/gdrs_temp/update\us_mn_state_pca\env_impaired_water_2016\fgdb\env_impaired_water_2016.gdb\impaired_2016_wetlands,TMDL_NEEDED_LONG,-1,-1;IMPAIR_PAR "IMPAIR_PARAMETERS" true true false 4000 Text 0 0 ,First,#,/var/ftp/gdrs_temp/update\us_mn_state_pca\env_impaired_water_2016\fgdb\env_impaired_water_2016.gdb\impaired_2016_wetlands,IMPAIR_PARAMETERS,-1,-1;IMPAIR_P_1 "IMPAIR_PARAMETERS_LONG" true true false 4000 Text 0 0 ,First,#,/var/ftp/gdrs_temp/update\us_mn_state_pca\env_impaired_water_2016\fgdb\env_impaired_water_2016.gdb\impaired_2016_wetlands,IMPAIR_PARAMETERS_LONG,-1,-1;NEW_IMPAIR "NEW_IMPAIRMENTS" true true false 4000 Text 0 0 ,First,#,/var/ftp/gdrs_temp/update\us_mn_state_pca\env_impaired_water_2016\fgdb\env_impaired_water_2016.gdb\impaired_2016_wetlands,NEW_IMPAIRMENTS,-1,-1;NEW_IMPA_1 "NEW_IMPAIRMENTS_LONG" true true false 4000 Text 0 0 ,First,#,/var/ftp/gdrs_temp/update\us_mn_state_pca\env_impaired_water_2016\fgdb\env_impaired_water_2016.gdb\impaired_2016_wetlands,NEW_IMPAIRMENTS_LONG,-1,-1;HUC_8 "HUC_8" true true false 8 Text 0 0 ,First,#,/var/ftp/gdrs_temp/update\us_mn_state_pca\env_impaired_water_2016\fgdb\env_impaired_water_2016.gdb\impaired_2016_wetlands,HUC_8,-1,-1;HUC_8_NAME "HUC_8_NAME" true true false 50 Text 0 0 ,First,#,/var/ftp/gdrs_temp/update\us_mn_state_pca\env_impaired_water_2016\fgdb\env_impaired_water_2016.gdb\impaired_2016_wetlands,HUC_8_NAME,-1,-1;HUC_4 "HUC_4" true true false 4 Text 0 0 ,First,#,/var/ftp/gdrs_temp/update\us_mn_state_pca\env_impaired_water_2016\fgdb\env_impaired_water_2016.gdb\impaired_2016_wetlands,HUC_4,-1,-1;BASIN "BASIN" true true false 40 Text 0 0 ,First,#,/var/ftp/gdrs_temp/update\us_mn_state_pca\env_impaired_water_2016\fgdb\env_impaired_water_2016.gdb\impaired_2016_wetlands,BASIN,-1,-1;COUNTY "COUNTY" true true false 30 Text 0 0 ,First,#,/var/ftp/gdrs_temp/update\us_mn_state_pca\env_impaired_water_2016\fgdb\env_impaired_water_2016.gdb\impaired_2016_wetlands,COUNTY,-1,-1;TRIBAL_INT "TRIBAL_INTERSECT_EXTENT" true true false 9 Text 0 0 ,First,#,/var/ftp/gdrs_temp/update\us_mn_state_pca\env_impaired_water_2016\fgdb\env_impaired_water_2016.gdb\impaired_2016_wetlands,TRIBAL_INTERSECT_EXTENT,-1,-1;INDIAN_RES "INDIAN_RESERVATION" true true false 100 Text 0 0 ,First,#,/var/ftp/gdrs_temp/update\us_mn_state_pca\env_impaired_water_2016\fgdb\env_impaired_water_2016.gdb\impaired_2016_wetlands,INDIAN_RESERVATION,-1,-1;INVERTBIO "INVERTBIO" true true false 4 Float 0 0 ,First,#,/var/ftp/gdrs_temp/update\us_mn_state_pca\env_impaired_water_2016\fgdb\env_impaired_water_2016.gdb\impaired_2016_wetlands,INVERTBIO,-1,-1;NUTRIENTS "NUTRIENTS" true true false 4 Float 0 0 ,First,#,/var/ftp/gdrs_temp/update\us_mn_state_pca\env_impaired_water_2016\fgdb\env_impaired_water_2016.gdb\impaired_2016_wetlands,NUTRIENTS,-1,-1;PLANTBIO "PLANTBIO" true true false 4 Float 0 0 ,First,#,/var/ftp/gdrs_temp/update\us_mn_state_pca\env_impaired_water_2016\fgdb\env_impaired_water_2016.gdb\impaired_2016_wetlands,PLANTBIO,-1,-1;SHAPE_Leng "SHAPE_Leng" false true true 8 Double 0 0 ,First,#,/var/ftp/gdrs_temp/update\us_mn_state_pca\env_impaired_water_2016\fgdb\env_impaired_water_2016.gdb\impaired_2016_wetlands,SHAPE_Length,-1,-1;SHAPE_Area "SHAPE_Area" false true true 8 Double 0 0 ,First,#,/var/ftp/gdrs_temp/update\us_mn_state_pca\env_impaired_water_2016\fgdb\env_impaired_water_2016.gdb\impaired_2016_wetlands,SHAPE_Area,-1,-1" #</Process>
			</lineage>
		</DataProperties>
		<SyncDate>20190312</SyncDate>
		<SyncTime>00280100</SyncTime>
		<ModDate>20190312</ModDate>
		<ModTime>00280100</ModTime>
		<scaleRange>
			<minScale>150000000</minScale>
			<maxScale>5000</maxScale>
		</scaleRange>
		<ArcGISProfile>FGDC</ArcGISProfile>
	</Esri>
	<distInfo>
		<distFormat>
			<formatName Sync="TRUE">Shapefile</formatName>
		</distFormat>
		<distTranOps>
			<transSize Sync="TRUE">0.000</transSize>
		</distTranOps>
	</distInfo>
	<mdHrLv>
		<ScopeCd value="005" Sync="TRUE"/>
	</mdHrLv>
	<mdHrLvName Sync="TRUE">dataset</mdHrLvName>
	<refSysInfo>
		<RefSystem>
			<refSysID>
				<identCode code="26915" Sync="TRUE"/>
				<idCodeSpace Sync="TRUE">EPSG</idCodeSpace>
				<idVersion Sync="TRUE">6.13(3.0.1)</idVersion>
			</refSysID>
		</RefSystem>
	</refSysInfo>
	<spatRepInfo>
		<VectSpatRep>
			<geometObjs Name="impaired_2016_wetlands">
				<geoObjTyp>
					<GeoObjTypCd value="002" Sync="TRUE"/>
				</geoObjTyp>
				<geoObjCnt Sync="TRUE">0</geoObjCnt>
			</geometObjs>
			<topLvl>
				<TopoLevCd value="001" Sync="TRUE"/>
			</topLvl>
		</VectSpatRep>
	</spatRepInfo>
	<spdoinfo>
		<ptvctinf>
			<esriterm Name="impaired_2016_wetlands">
				<efeatyp Sync="TRUE">Simple</efeatyp>
				<efeageom code="4" Sync="TRUE"/>
				<esritopo Sync="TRUE">FALSE</esritopo>
				<efeacnt Sync="TRUE">0</efeacnt>
				<spindex Sync="TRUE">FALSE</spindex>
				<linrefer Sync="TRUE">FALSE</linrefer>
			</esriterm>
		</ptvctinf>
	</spdoinfo>
	<mdDateSt Sync="TRUE">20190312</mdDateSt>
</metadata>
