<?xml version="1.0" encoding="UTF-8"?>
<metadata xml:lang="en"><Esri><CreaDate>20201110</CreaDate><CreaTime>15340500</CreaTime><ArcGISFormat>1.0</ArcGISFormat><SyncOnce>TRUE</SyncOnce><RematchLocator>USA<Category Locator="Review">Address</Category><Description Locator="Review">Geocode addresses against multiple address locators.</Description><AdditionalReverseOutputs Locator="Review">CountryCode,USA</AdditionalReverseOutputs><BuildVersion Locator="Review">$Revision: 2$</BuildVersion><BuildVersionDate Locator="Review">$Date: 2/27/2018 4:58:17 PM$</BuildVersionDate><CL.AdminPlaces.Enabled Locator="Review">TRUE</CL.AdminPlaces.Enabled><CL.AdminPlaces.Input Locator="Review">City</CL.AdminPlaces.Input><CL.AdminPlaces.Input Locator="Review">Region</CL.AdminPlaces.Input><CL.AdminPlaces.LocWks Locator="Review">Type=Database;Wks=(ProgID = esriDataSourcesFile.ShapefileWorkspaceFactory; Path = .)</CL.AdminPlaces.LocWks><CL.AdminPlaces.Name Locator="Review">USA_AdminPlaces</CL.AdminPlaces.Name><CL.AdminPlaces.NumThreads Locator="Review">1</CL.AdminPlaces.NumThreads><CL.AdminPlaces.Select Locator="Review">::</CL.AdminPlaces.Select><CL.Locator Locator="Review">PointAddress</CL.Locator><CL.Locator Locator="Review">StreetAddress</CL.Locator><CL.Locator Locator="Review">StreetName</CL.Locator><CL.Locator Locator="Review">Postal</CL.Locator><CL.Locator Locator="Review">AdminPlaces</CL.Locator><CL.PointAddress.Enabled Locator="Review">TRUE</CL.PointAddress.Enabled><CL.PointAddress.Input Locator="Review">Address</CL.PointAddress.Input><CL.PointAddress.Input Locator="Review">City</CL.PointAddress.Input><CL.PointAddress.Input Locator="Review">Region</CL.PointAddress.Input><CL.PointAddress.Input Locator="Review">Postal</CL.PointAddress.Input><CL.PointAddress.LocWks Locator="Review">Type=Database;Wks=(ProgID = esriDataSourcesFile.ShapefileWorkspaceFactory; Path = .)</CL.PointAddress.LocWks><CL.PointAddress.Name Locator="Review">USA_PointAddress</CL.PointAddress.Name><CL.PointAddress.NumThreads Locator="Review">2</CL.PointAddress.NumThreads><CL.PointAddress.Select Locator="Review">::</CL.PointAddress.Select><CL.Postal.Enabled Locator="Review">TRUE</CL.Postal.Enabled><CL.Postal.Input Locator="Review">Postal</CL.Postal.Input><CL.Postal.LocWks Locator="Review">Type=Database;Wks=(ProgID = esriDataSourcesFile.ShapefileWorkspaceFactory; Path = .)</CL.Postal.LocWks><CL.Postal.Name Locator="Review">USA_Postal</CL.Postal.Name><CL.Postal.NumThreads Locator="Review">1</CL.Postal.NumThreads><CL.Postal.Select Locator="Review">::</CL.Postal.Select><CL.PostalExt.Enabled Locator="Review">TRUE</CL.PostalExt.Enabled><CL.PostalExt.Input Locator="Review">Postal</CL.PostalExt.Input><CL.PostalExt.Input Locator="Review">PostalExt</CL.PostalExt.Input><CL.PostalExt.LocWks Locator="Review">Type=Database;Wks=(ProgID = esriDataSourcesFile.ShapefileWorkspaceFactory.1; Path = .)</CL.PostalExt.LocWks><CL.PostalExt.Name Locator="Review">USA_PostalExt</CL.PostalExt.Name><CL.PostalExt.NumThreads Locator="Review">1</CL.PostalExt.NumThreads><CL.PostalExt.Select Locator="Review">::</CL.PostalExt.Select><CL.SkipBadLocators Locator="Review">FALSE</CL.SkipBadLocators><CL.SR Locator="Review">ByDescr</CL.SR><CL.SR.Descr Locator="Review">GEOGCS["GCS_WGS_1984",DATUM["D_WGS_1984",SPHEROID["WGS_1984",6378137.0,298.257223563]],PRIMEM["Greenwich",0.0],UNIT["Degree",0.0174532925199433]]</CL.SR.Descr><CL.SR.Domain Locator="Review">-400.000000,-400.000000,8099972.863184,8099972.863184</CL.SR.Domain><CL.StreetAddress.Enabled Locator="Review">TRUE</CL.StreetAddress.Enabled><CL.StreetAddress.Input Locator="Review">Address</CL.StreetAddress.Input><CL.StreetAddress.Input Locator="Review">City</CL.StreetAddress.Input><CL.StreetAddress.Input Locator="Review">Region</CL.StreetAddress.Input><CL.StreetAddress.Input Locator="Review">Postal</CL.StreetAddress.Input><CL.StreetAddress.LocWks Locator="Review">Type=Database;Wks=(ProgID = esriDataSourcesFile.ShapefileWorkspaceFactory; Path = .)</CL.StreetAddress.LocWks><CL.StreetAddress.Name Locator="Review">USA_StreetAddress</CL.StreetAddress.Name><CL.StreetAddress.NumThreads Locator="Review">2</CL.StreetAddress.NumThreads><CL.StreetAddress.Select Locator="Review">::</CL.StreetAddress.Select><CL.StreetName.Enabled Locator="Review">TRUE</CL.StreetName.Enabled><CL.StreetName.Input Locator="Review">Address</CL.StreetName.Input><CL.StreetName.Input Locator="Review">City</CL.StreetName.Input><CL.StreetName.Input Locator="Review">Region</CL.StreetName.Input><CL.StreetName.Input Locator="Review">Postal</CL.StreetName.Input><CL.StreetName.LocWks Locator="Review">Type=Database;Wks=(ProgID = esriDataSourcesFile.ShapefileWorkspaceFactory; Path = .)</CL.StreetName.LocWks><CL.StreetName.Name Locator="Review">USA_StreetName</CL.StreetName.Name><CL.StreetName.NumThreads Locator="Review">2</CL.StreetName.NumThreads><CL.StreetName.Select Locator="Review">::</CL.StreetName.Select><CLSID Locator="Review">{29B85A89-D2CE-4aeb-BC3F-661A3D2C296E}</CLSID><FieldAliases Locator="Review">Address</FieldAliases><FieldAliases Locator="Review">City</FieldAliases><FieldAliases Locator="Review">Region</FieldAliases><FieldAliases Locator="Review">Postal</FieldAliases><FieldNames.0 Locator="Review">Address</FieldNames.0><FieldNames.0 Locator="Review">Addr</FieldNames.0><FieldNames.0 Locator="Review">Street</FieldNames.0><FieldNames.0 Locator="Review">StreetAddress</FieldNames.0><FieldNames.0 Locator="Review">StreetAddr</FieldNames.0><FieldNames.0 Locator="Review">Intersection</FieldNames.0><FieldNames.1 Locator="Review">City</FieldNames.1><FieldNames.1 Locator="Review">Municipality</FieldNames.1><FieldNames.1 Locator="Review">Cityname</FieldNames.1><FieldNames.1 Locator="Review">City_name</FieldNames.1><FieldNames.1 Locator="Review">Placename</FieldNames.1><FieldNames.1 Locator="Review">Town</FieldNames.1><FieldNames.1 Locator="Review">Township</FieldNames.1><FieldNames.1 Locator="Review">Village</FieldNames.1><FieldNames.1 Locator="Review">Borough</FieldNames.1><FieldNames.2 Locator="Review">Region</FieldNames.2><FieldNames.2 Locator="Review">State</FieldNames.2><FieldNames.2 Locator="Review">St</FieldNames.2><FieldNames.2 Locator="Review">State_abbr</FieldNames.2><FieldNames.2 Locator="Review">StateAbbr</FieldNames.2><FieldNames.3 Locator="Review">Postal</FieldNames.3><FieldNames.3 Locator="Review">ZIP</FieldNames.3><FieldNames.3 Locator="Review">ZIPCode</FieldNames.3><FieldNames.3 Locator="Review">ZIP5</FieldNames.3><FieldNames.3 Locator="Review">Postcode</FieldNames.3><FieldNames.3 Locator="Review">PostalCode</FieldNames.3><FieldNames.3 Locator="Review">Post_code</FieldNames.3><FieldNames.3 Locator="Review">Postal_code</FieldNames.3><FieldNames.3 Locator="Review">PC</FieldNames.3><FieldNames.4 Locator="Review">PostalExt</FieldNames.4><FieldNames.4 Locator="Review">ZIP4</FieldNames.4><FieldNames.4 Locator="Review">ZIP_4</FieldNames.4><FieldNames.4 Locator="Review">PLUS4</FieldNames.4><FieldNames.4 Locator="Review">PLUS_4</FieldNames.4><Fields Locator="Review">Address</Fields><Fields Locator="Review">City</Fields><Fields Locator="Review">Region</Fields><Fields Locator="Review">Postal</Fields><FieldSizes Locator="Review">100</FieldSizes><FieldSizes Locator="Review">100</FieldSizes><FieldSizes Locator="Review">75</FieldSizes><FieldSizes Locator="Review">15</FieldSizes><FieldsRequired Locator="Review">FALSE</FieldsRequired><FieldsRequired Locator="Review">FALSE</FieldsRequired><FieldsRequired Locator="Review">FALSE</FieldsRequired><FieldsRequired Locator="Review">FALSE</FieldsRequired><IntersectionConnectors Locator="Review">&amp; @ | and</IntersectionConnectors><LocatorWorkspaceString Locator="Review">ProgID = esriDataSourcesFile.ShapefileWorkspaceFactory; Path = \\files.umn.edu\us\gis\U-Spatial\UMN_Users\data\Esri Data\Esri BA USA 2019 geocoding data\</LocatorWorkspaceString><LocFileUseUTF8 Locator="Review">True</LocFileUseUTF8><RebuildStartTime Locator="Review">129754279896090000</RebuildStartTime><RebuildStartTimeAscii Locator="Review">1:33:09 PM</RebuildStartTimeAscii><RuntimeMemoryLimit Locator="Review">2048 MB</RuntimeMemoryLimit><SafeLocatorName Locator="Review">USA</SafeLocatorName><SingleLineField Locator="Review">SingleLine</SingleLineField><SingleLineFieldAlias Locator="Review">Single Line Input</SingleLineFieldAlias><SingleLineFieldNames Locator="Review">Address</SingleLineFieldNames><SingleLineFieldNames Locator="Review">SingleLine</SingleLineFieldNames><SingleLineFieldNames Locator="Review">FullAddress</SingleLineFieldNames><SingleLineFieldNames Locator="Review">Customer</SingleLineFieldNames><SingleLineFieldSize Locator="Review">250</SingleLineFieldSize><UICLSID Locator="Review">{3D486637-6BCF-4A0C-83DB-A02D437FB8FC}</UICLSID><UseMultithreading Locator="Review">True</UseMultithreading><UseRelativePaths Locator="Review">True</UseRelativePaths><Version Locator="Review">10.0</Version><WritePercentAlongField Locator="Review">FALSE</WritePercentAlongField><WriteReferenceIDField Locator="Review">FALSE</WriteReferenceIDField><WriteStandardizedAddressField Locator="Review">FALSE</WriteStandardizedAddressField><WriteXYCoordFields Locator="Review">TRUE</WriteXYCoordFields><InTable Locator="Review">::</InTable><InKeyColumns Locator="Review">::</InKeyColumns><InColumns Locator="Review">IN_Address</InColumns><InColumns Locator="Review">IN_City</InColumns><InColumns Locator="Review">IN_Region</InColumns><InColumns Locator="Review">IN_Postal</InColumns><OutTable Locator="Review">::</OutTable><OutKeyColumns Locator="Review">::</OutKeyColumns><OutColumns Locator="Review">Loc_name</OutColumns><OutColumns Locator="Review">Shape</OutColumns><OutColumns Locator="Review">Status</OutColumns><OutColumns Locator="Review">Score</OutColumns><OutColumns Locator="Review">Match_addr</OutColumns><OutColumns Locator="Review">Addr_type</OutColumns><OutColumns Locator="Review">AddNum</OutColumns><OutColumns Locator="Review">Side</OutColumns><OutColumns Locator="Review">StPreDir</OutColumns><OutColumns Locator="Review">StPreType</OutColumns><OutColumns Locator="Review">StName</OutColumns><OutColumns Locator="Review">StType</OutColumns><OutColumns Locator="Review">StDir</OutColumns><OutColumns Locator="Review">StAddr</OutColumns><OutColumns Locator="Review">City</OutColumns><OutColumns Locator="Review">Subregion</OutColumns><OutColumns Locator="Review">Region</OutColumns><OutColumns Locator="Review">RegionAbbr</OutColumns><OutColumns Locator="Review">Postal</OutColumns><OutColumns Locator="Review">Country</OutColumns><OutColumns Locator="Review">LangCode</OutColumns><OutColumns Locator="Review">Distance</OutColumns><OutColumns Locator="Review">X</OutColumns><OutColumns Locator="Review">Y</OutColumns><OutColumns Locator="Review">DisplayX</OutColumns><OutColumns Locator="Review">DisplayY</OutColumns><OutColumns Locator="Review">Xmin</OutColumns><OutColumns Locator="Review">Xmax</OutColumns><OutColumns Locator="Review">Ymin</OutColumns><OutColumns Locator="Review">Ymax</OutColumns><OutColumns Locator="Review">AddNumFrom</OutColumns><OutColumns Locator="Review">AddNumTo</OutColumns><OutColumns Locator="Review">Rank</OutColumns></RematchLocator><DataProperties><lineage><Process ToolSource="c:\program files\arcgis\pro\Resources\ArcToolbox\toolboxes\Geocoding Tools.tbx\GeocodeAddresses" Date="20201110" Time="153416">GeocodeAddresses C:\Users\leex6165\Desktop\metro\may19_metro.csv "\\files.umn.edu\us\gis\U-Spatial\UMN_Users\data\Esri Data\Esri BA USA 2019 geocoding data\USA.loc" "Address street_address VISIBLE NONE;City city VISIBLE NONE;Region region VISIBLE NONE;Postal postal_code VISIBLE NONE" C:\Users\leex6165\Desktop\geocoded\may19_metro.shp STATIC # # #</Process></lineage></DataProperties></Esri></metadata>
