<metadata xml:lang="en">
	<Esri>
		<CreaDate>20150904</CreaDate>
		<CreaTime>15242600</CreaTime>
		<SyncOnce>FALSE</SyncOnce>
		<SyncDate>20201013</SyncDate>
		<SyncTime>23440900</SyncTime>
		<ModDate>20201013</ModDate>
		<ModTime>23440900</ModTime>
		<DataProperties>
			<lineage>
				<Process ToolSource="C:\Program Files\ArcGIS\ArcToolbox\Toolboxes\Data Management Tools.tbx\CopyFeatures" Date="20101215" Time="160603">CopyFeatures \\rafs\gis\gis_library\av_themes\admin_and_political\county.shp "C:\Documents and Settings\mullingl\Desktop\Staging.gdb\county" # 0 0 0</Process>
				<Process ToolSource="C:\Program Files (x86)\ArcGIS\Desktop10.0\ArcToolbox\Toolboxes\Data Management Tools.tbx\CopyFeatures" Date="20101215" Time="163348">CopyFeatures D:\GIS_Data\Staging.gdb\county "Database Connections\GISLibrary on DBSQLCL3 as svc-raapgislic.sde\GISLibrary.DBO.AdministrativeAndPolitical\GISLibrary.DBO.county" # 0 0 0</Process>
				<Process ToolSource="c:\program files (x86)\arcgis\desktop10.2\ArcToolbox\Toolboxes\Data Management Tools.tbx\Copy" Date="20150904" Time="152427">Copy C:\Users\mayertj\AppData\Roaming\ESRI\Desktop10.2\ArcCatalog\SDE@GISLibrary.sde\Counties L:\GDRS\STAGE\bdry_metro_counties_and_ctus\fgdb\bdry_metro_counties_and_ctus.gdb\Counties FeatureClass</Process>
				<Process ToolSource="C:\program files\arcgis\server\ArcToolbox\Toolboxes\Conversion Tools.tbx\FeatureClassToFeatureClass" Date="20201013" Time="234409">FeatureClassToFeatureClass /var/ftp/gdrs_temp/update\us_mn_state_metc\bdry_metro_counties_and_ctus\fgdb\bdry_metro_counties_and_ctus.gdb\Counties /var/ftp/gdrs_temp/update\us_mn_state_metc\bdry_metro_counties_and_ctus\shp Counties.shp # "CO_CODE "CO_CODE" true true false 3 Text 0 0 ,First,#,/var/ftp/gdrs_temp/update\us_mn_state_metc\bdry_metro_counties_and_ctus\fgdb\bdry_metro_counties_and_ctus.gdb\Counties,CO_CODE,-1,-1;CO_NAME "CO_NAME" true true false 24 Text 0 0 ,First,#,/var/ftp/gdrs_temp/update\us_mn_state_metc\bdry_metro_counties_and_ctus\fgdb\bdry_metro_counties_and_ctus.gdb\Counties,CO_NAME,-1,-1;CO_NAME_FU "CO_NAME_FU" true true false 24 Text 0 0 ,First,#,/var/ftp/gdrs_temp/update\us_mn_state_metc\bdry_metro_counties_and_ctus\fgdb\bdry_metro_counties_and_ctus.gdb\Counties,CO_NAME_FU,-1,-1;CO_ABBREV "CO_ABBREV" true true false 4 Text 0 0 ,First,#,/var/ftp/gdrs_temp/update\us_mn_state_metc\bdry_metro_counties_and_ctus\fgdb\bdry_metro_counties_and_ctus.gdb\Counties,CO_ABBREV,-1,-1;Shape_Leng "Shape_Leng" false true true 8 Double 0 0 ,First,#,/var/ftp/gdrs_temp/update\us_mn_state_metc\bdry_metro_counties_and_ctus\fgdb\bdry_metro_counties_and_ctus.gdb\Counties,Shape_Length,-1,-1;Shape_Area "Shape_Area" false true true 8 Double 0 0 ,First,#,/var/ftp/gdrs_temp/update\us_mn_state_metc\bdry_metro_counties_and_ctus\fgdb\bdry_metro_counties_and_ctus.gdb\Counties,Shape_Area,-1,-1" #</Process>
			</lineage>
			<itemProps>
				<itemName Sync="TRUE">Counties</itemName>
				<imsContentType Sync="TRUE">002</imsContentType>
				<itemLocation>
					<linkage Sync="TRUE">file://\\g46palgdrftp001\Z\var\ftp\gdrs_temp\update\us_mn_state_metc\bdry_metro_counties_and_ctus\shp\Counties.shp</linkage>
					<protocol Sync="TRUE">Local Area Network</protocol>
				</itemLocation>
				<itemSize Sync="TRUE">0.000</itemSize>
			</itemProps>
			<coordRef>
				<type Sync="TRUE">Projected</type>
				<geogcsn Sync="TRUE">GCS_North_American_1983</geogcsn>
				<projcsn Sync="TRUE">NAD_1983_UTM_Zone_15N</projcsn>
				<peXml Sync="TRUE">&lt;ProjectedCoordinateSystem xsi:type='typens:ProjectedCoordinateSystem' xmlns:xsi='http://www.w3.org/2001/XMLSchema-instance' xmlns:xs='http://www.w3.org/2001/XMLSchema' xmlns:typens='http://www.esri.com/schemas/ArcGIS/10.4'&gt;&lt;WKT&gt;PROJCS[&amp;quot;NAD_1983_UTM_Zone_15N&amp;quot;,GEOGCS[&amp;quot;GCS_North_American_1983&amp;quot;,DATUM[&amp;quot;D_North_American_1983&amp;quot;,SPHEROID[&amp;quot;GRS_1980&amp;quot;,6378137.0,298.257222101]],PRIMEM[&amp;quot;Greenwich&amp;quot;,0.0],UNIT[&amp;quot;Degree&amp;quot;,0.0174532925199433]],PROJECTION[&amp;quot;Transverse_Mercator&amp;quot;],PARAMETER[&amp;quot;False_Easting&amp;quot;,500000.0],PARAMETER[&amp;quot;False_Northing&amp;quot;,0.0],PARAMETER[&amp;quot;Central_Meridian&amp;quot;,-93.0],PARAMETER[&amp;quot;Scale_Factor&amp;quot;,0.9996],PARAMETER[&amp;quot;Latitude_Of_Origin&amp;quot;,0.0],UNIT[&amp;quot;Meter&amp;quot;,1.0],AUTHORITY[&amp;quot;EPSG&amp;quot;,26915]]&lt;/WKT&gt;&lt;XOrigin&gt;-5120900&lt;/XOrigin&gt;&lt;YOrigin&gt;-9998100&lt;/YOrigin&gt;&lt;XYScale&gt;450445547.3910538&lt;/XYScale&gt;&lt;ZOrigin&gt;-100000&lt;/ZOrigin&gt;&lt;ZScale&gt;10000&lt;/ZScale&gt;&lt;MOrigin&gt;-100000&lt;/MOrigin&gt;&lt;MScale&gt;10000&lt;/MScale&gt;&lt;XYTolerance&gt;0.001&lt;/XYTolerance&gt;&lt;ZTolerance&gt;0.001&lt;/ZTolerance&gt;&lt;MTolerance&gt;0.001&lt;/MTolerance&gt;&lt;HighPrecision&gt;true&lt;/HighPrecision&gt;&lt;WKID&gt;26915&lt;/WKID&gt;&lt;LatestWKID&gt;26915&lt;/LatestWKID&gt;&lt;/ProjectedCoordinateSystem&gt;</peXml>
				<csUnits Sync="TRUE">Linear Unit: Meter (1.000000)</csUnits>
			</coordRef>
		</DataProperties>
		<ArcGISFormat>1.0</ArcGISFormat>
	</Esri>
	<idinfo>
		<native Sync="TRUE">Microsoft Windows XP Version 5.1 (Build 2600) Service Pack 3; ESRI ArcCatalog 9.3.1.3000</native>
		<descript>
			<langdata Sync="TRUE">en</langdata>
			<abstract>REQUIRED: A brief narrative summary of the data set.</abstract>
			<purpose>REQUIRED: A summary of the intentions with which the data set was developed.</purpose>
		</descript>
		<citation>
			<citeinfo>
				<origin>REQUIRED: The name of an organization or individual that developed the data set.</origin>
				<pubdate>REQUIRED: The date when the data set is published or otherwise made available for release.</pubdate>
				<title Sync="TRUE">county</title>
				<ftname Sync="TRUE">county</ftname>
				<geoform Sync="TRUE">vector digital data</geoform>
				<onlink Sync="TRUE">\\R028116\C\Documents and Settings\mullingl\Desktop\Staging.gdb</onlink>
			</citeinfo>
		</citation>
		<timeperd>
			<current>REQUIRED: The basis on which the time period of content information is determined.</current>
			<timeinfo>
				<sngdate>
					<caldate>REQUIRED: The year (and optionally month, or month and day) for which the data set corresponds to the ground.</caldate>
				</sngdate>
			</timeinfo>
		</timeperd>
		<status>
			<progress>REQUIRED: The state of the data set.</progress>
			<update>REQUIRED: The frequency with which changes and additions are made to the data set after the initial data set is completed.</update>
		</status>
		<spdom>
			<bounding>
				<westbc Sync="TRUE">REQUIRED: Western-most coordinate of the limit of coverage expressed in longitude.</westbc>
				<eastbc Sync="TRUE">REQUIRED: Eastern-most coordinate of the limit of coverage expressed in longitude.</eastbc>
				<northbc Sync="TRUE">REQUIRED: Northern-most coordinate of the limit of coverage expressed in latitude.</northbc>
				<southbc Sync="TRUE">REQUIRED: Southern-most coordinate of the limit of coverage expressed in latitude.</southbc>
			</bounding>
		</spdom>
		<keywords>
			<theme>
				<themekt>REQUIRED: Reference to a formally registered thesaurus or a similar authoritative source of theme keywords.</themekt>
				<themekey>REQUIRED: Common-use word or phrase used to describe the subject of the data set.</themekey>
			</theme>
		</keywords>
		<accconst>REQUIRED: Restrictions and legal prerequisites for accessing the data set.</accconst>
		<useconst>REQUIRED: Restrictions and legal prerequisites for using the data set after access is granted.</useconst>
		<natvform Sync="TRUE">File Geodatabase Feature Class</natvform>
	</idinfo>
	<dataIdInfo>
		<envirDesc Sync="TRUE">Microsoft Windows XP Professional x64 Edition Version 5.2 (Build 3790) Service Pack 2; Esri ArcGIS 10.4.1.5686</envirDesc>
		<dataLang>
			<languageCode Sync="TRUE" value="en" country="USA"/>
			<countryCode value="US" Sync="TRUE"/>
		</dataLang>
		<idCitation>
			<resTitle Sync="TRUE">Counties</resTitle>
			<presForm>
				<PresFormCd value="005"/>
			</presForm>
		</idCitation>
		<descKeys>
			<thesaName uuidref="723f6998-058e-11dc-8314-0800200c9a66"/>
			<keyword Sync="TRUE">002</keyword>
		</descKeys>
		<spatRpType>
			<SpatRepTypCd value="001"/>
		</spatRpType>
	</dataIdInfo>
	<metainfo>
		<langmeta Sync="TRUE">en</langmeta>
		<metstdn Sync="TRUE">FGDC Content Standards for Digital Geospatial Metadata</metstdn>
		<metstdv Sync="TRUE">FGDC-STD-001-1998</metstdv>
		<mettc Sync="TRUE">local time</mettc>
		<metc>
			<cntinfo>
				<cntorgp>
					<cntper>REQUIRED: The person responsible for the metadata information.</cntper>
					<cntorg>REQUIRED: The organization responsible for the metadata information.</cntorg>
				</cntorgp>
				<cntaddr>
					<addrtype>REQUIRED: The mailing and/or physical address for the organization or individual.</addrtype>
					<city>REQUIRED: The city of the address.</city>
					<state>REQUIRED: The state or province of the address.</state>
					<postal>REQUIRED: The ZIP or other postal code of the address.</postal>
				</cntaddr>
				<cntvoice>REQUIRED: The telephone number by which individuals can speak to the organization or individual.</cntvoice>
			</cntinfo>
		</metc>
		<metd Sync="TRUE">20101215</metd>
	</metainfo>
	<mdLang>
		<languageCode Sync="TRUE" value="en"/>
		<countryCode value="US" Sync="TRUE"/>
	</mdLang>
	<mdStanName Sync="TRUE">ISO 19115 Geographic Information - Metadata</mdStanName>
	<mdStanVer Sync="TRUE">DIS_ESRI1.0</mdStanVer>
	<mdChar>
		<CharSetCd Sync="TRUE" value="004"/>
	</mdChar>
	<mdHrLv>
		<ScopeCd Sync="TRUE" value="005"/>
	</mdHrLv>
	<mdHrLvName Sync="TRUE">dataset</mdHrLvName>
	<distinfo>
		<resdesc Sync="TRUE">Downloadable Data</resdesc>
	</distinfo>
	<distInfo>
		<distributor>
			<distorTran>
				<onLineSrc>
					<orDesc Sync="TRUE">002</orDesc>
					<linkage Sync="TRUE">file://\\R028116\C\Documents and Settings\mullingl\Desktop\Staging.gdb</linkage>
					<protocol Sync="TRUE">Local Area Network</protocol>
				</onLineSrc>
			</distorTran>
			<distorFormat>
				<formatName Sync="TRUE">File Geodatabase Feature Class</formatName>
			</distorFormat>
		</distributor>
		<distFormat>
			<formatName Sync="TRUE">Shapefile</formatName>
		</distFormat>
		<distTranOps>
			<transSize Sync="TRUE">0.000</transSize>
		</distTranOps>
	</distInfo>
	<spdoinfo>
		<direct Sync="TRUE">Vector</direct>
		<ptvctinf>
			<esriterm Name="Counties">
				<efeatyp Sync="TRUE">Simple</efeatyp>
				<efeageom code="4" Sync="TRUE"/>
				<esritopo Sync="TRUE">FALSE</esritopo>
				<efeacnt Sync="TRUE">0</efeacnt>
				<spindex Sync="TRUE">FALSE</spindex>
				<linrefer Sync="TRUE">FALSE</linrefer>
			</esriterm>
		</ptvctinf>
	</spdoinfo>
	<spref>
		<horizsys>
			<cordsysn>
				<geogcsn Sync="TRUE">GCS_North_American_1983</geogcsn>
				<projcsn Sync="TRUE">NAD_1983_UTM_Zone_15N</projcsn>
			</cordsysn>
			<planar>
				<planci>
					<plance Sync="TRUE">coordinate pair</plance>
					<plandu Sync="TRUE">meters</plandu>
					<coordrep>
						<absres Sync="TRUE">0.000100</absres>
						<ordres Sync="TRUE">0.000100</ordres>
					</coordrep>
				</planci>
			</planar>
			<geodetic>
				<horizdn Sync="TRUE">North American Datum of 1983</horizdn>
				<ellips Sync="TRUE">Geodetic Reference System 80</ellips>
				<semiaxis Sync="TRUE">6378137.000000</semiaxis>
				<denflat Sync="TRUE">298.257222</denflat>
			</geodetic>
		</horizsys>
	</spref>
	<refSysInfo>
		<RefSystem>
			<refSysID>
				<identCode Sync="TRUE" code="26915">NAD_1983_UTM_Zone_15N</identCode>
				<idCodeSpace Sync="TRUE">EPSG</idCodeSpace>
				<idVersion Sync="TRUE">6.13(3.0.1)</idVersion>
			</refSysID>
		</RefSystem>
	</refSysInfo>
	<spatRepInfo>
		<VectSpatRep>
			<geometObjs Name="Counties">
				<geoObjTyp>
					<GeoObjTypCd value="002" Sync="TRUE"/>
				</geoObjTyp>
				<geoObjCnt Sync="TRUE">0</geoObjCnt>
			</geometObjs>
			<topLvl>
				<TopoLevCd value="001" Sync="TRUE"/>
			</topLvl>
		</VectSpatRep>
	</spatRepInfo>
	<eainfo>
		<detailed Name="Counties">
			<enttyp>
				<enttypl Sync="TRUE">Counties</enttypl>
				<enttypt Sync="TRUE">Feature Class</enttypt>
				<enttypc Sync="TRUE">0</enttypc>
			</enttyp>
			<attr>
				<attrlabl Sync="TRUE">FID</attrlabl>
				<attalias Sync="TRUE">FID</attalias>
				<attrtype Sync="TRUE">OID</attrtype>
				<attwidth Sync="TRUE">4</attwidth>
				<atprecis Sync="TRUE">0</atprecis>
				<attscale Sync="TRUE">0</attscale>
				<attrdef Sync="TRUE">Internal feature number.</attrdef>
				<attrdefs Sync="TRUE">Esri</attrdefs>
				<attrdomv>
					<udom Sync="TRUE">Sequential unique whole numbers that are automatically generated.</udom>
				</attrdomv>
			</attr>
			<attr>
				<attrlabl Sync="TRUE">Shape</attrlabl>
				<attalias Sync="TRUE">Shape</attalias>
				<attrtype Sync="TRUE">Geometry</attrtype>
				<attwidth Sync="TRUE">0</attwidth>
				<atprecis Sync="TRUE">0</atprecis>
				<attscale Sync="TRUE">0</attscale>
				<attrdef Sync="TRUE">Feature geometry.</attrdef>
				<attrdefs Sync="TRUE">ESRI</attrdefs>
				<attrdomv>
					<udom Sync="TRUE">Coordinates defining the features.</udom>
				</attrdomv>
			</attr>
			<attr>
				<attrlabl Sync="TRUE">CO_CODE</attrlabl>
				<attalias Sync="TRUE">CO_CODE</attalias>
				<attrtype Sync="TRUE">String</attrtype>
				<attwidth Sync="TRUE">3</attwidth>
				<atprecis Sync="TRUE">0</atprecis>
				<attscale Sync="TRUE">0</attscale>
			</attr>
			<attr>
				<attrlabl Sync="TRUE">CO_NAME</attrlabl>
				<attalias Sync="TRUE">CO_NAME</attalias>
				<attrtype Sync="TRUE">String</attrtype>
				<attwidth Sync="TRUE">24</attwidth>
				<atprecis Sync="TRUE">0</atprecis>
				<attscale Sync="TRUE">0</attscale>
			</attr>
			<attr>
				<attrlabl Sync="TRUE">CO_NAME_FU</attrlabl>
				<attalias Sync="TRUE">CO_NAME_FU</attalias>
				<attrtype Sync="TRUE">String</attrtype>
				<attwidth Sync="TRUE">24</attwidth>
				<atprecis Sync="TRUE">0</atprecis>
				<attscale Sync="TRUE">0</attscale>
			</attr>
			<attr>
				<attrlabl Sync="TRUE">CO_ABBREV</attrlabl>
				<attalias Sync="TRUE">CO_ABBREV</attalias>
				<attrtype Sync="TRUE">String</attrtype>
				<attwidth Sync="TRUE">4</attwidth>
				<atprecis Sync="TRUE">0</atprecis>
				<attscale Sync="TRUE">0</attscale>
			</attr>
			<attr>
				<attrlabl Sync="TRUE">Shape_Leng</attrlabl>
				<attalias Sync="TRUE">Shape_Leng</attalias>
				<attrtype Sync="TRUE">Double</attrtype>
				<attwidth Sync="TRUE">19</attwidth>
				<atprecis Sync="TRUE">0</atprecis>
				<attscale Sync="TRUE">0</attscale>
			</attr>
			<attr>
				<attrlabl Sync="TRUE">Shape_Area</attrlabl>
				<attalias Sync="TRUE">Shape_Area</attalias>
				<attrtype Sync="TRUE">Double</attrtype>
				<attwidth Sync="TRUE">19</attwidth>
				<atprecis Sync="TRUE">0</atprecis>
				<attscale Sync="TRUE">0</attscale>
				<attrdef Sync="TRUE">Area of feature in internal units squared.</attrdef>
				<attrdefs Sync="TRUE">Esri</attrdefs>
				<attrdomv>
					<udom Sync="TRUE">Positive real numbers that are automatically generated.</udom>
				</attrdomv>
			</attr>
		</detailed>
	</eainfo>
	<mdDateSt Sync="TRUE">20201013</mdDateSt>
</metadata>
