<metadata xml:lang="en">
	<Esri>
		<CreaDate>20190417</CreaDate>
		<CreaTime>18585600</CreaTime>
		<ArcGISFormat>1.0</ArcGISFormat>
		<SyncOnce>FALSE</SyncOnce>
		<DataProperties>
			<lineage>
				<Process ToolSource="c:\program files (x86)\arcgis\desktop10.5\ArcToolbox\Toolboxes\Data Management Tools.tbx\TruncateTable" Date="20190417" Time="185856">TruncateTable "Database Connections\SDE@GISLibrary.sde\GISLibrary.DBO.AdministrativeAndPolitical\GISLibrary.DBO.CTUs"</Process>
				<Process ToolSource="c:\program files (x86)\arcgis\desktop10.5\ArcToolbox\Toolboxes\Data Management Tools.tbx\Append" Date="20190417" Time="185902">Append \\rafsshare.mc.local\gis\devel\data_devel\ctu\3_Publish\CTUs.shp "Database Connections\SDE@GISLibrary.sde\GISLibrary.DBO.AdministrativeAndPolitical\GISLibrary.DBO.CTUs" NO_TEST "CTU_ID "CTU_ID" true true false 4 Long 0 10 ,First,#,\\rafsshare.mc.local\gis\devel\data_devel\ctu\3_Publish\CTUs.shp,CTU_ID,-1,-1;CTU_NAME "CTU_NAME" true true false 24 Text 0 0 ,First,#,\\rafsshare.mc.local\gis\devel\data_devel\ctu\3_Publish\CTUs.shp,CTU_NAME,-1,-1;CTU_ID_CEN "CTU_ID_CEN" true true false 8 Text 0 0 ,First,#,\\rafsshare.mc.local\gis\devel\data_devel\ctu\3_Publish\CTUs.shp,CTU_ID_CEN,-1,-1;CTU_CODE "CTU_CODE" true true false 5 Text 0 0 ,First,#,\\rafsshare.mc.local\gis\devel\data_devel\ctu\3_Publish\CTUs.shp,CTU_CODE,-1,-1;CTU_TYPE "CTU_TYPE" true true false 1 Text 0 0 ,First,#,\\rafsshare.mc.local\gis\devel\data_devel\ctu\3_Publish\CTUs.shp,CTU_TYPE,-1,-1;ABC_SORT "ABC_SORT" true true false 2 Short 0 5 ,First,#,\\rafsshare.mc.local\gis\devel\data_devel\ctu\3_Publish\CTUs.shp,ABC_SORT,-1,-1;FIVE_COLOR "FIVE_COLOR" true true false 2 Short 0 5 ,First,#,\\rafsshare.mc.local\gis\devel\data_devel\ctu\3_Publish\CTUs.shp,FIVE_COLOR,-1,-1;GlobalID "GlobalID" false false false 38 GlobalID 0 0 ,First,#,\\rafsshare.mc.local\gis\devel\data_devel\ctu\3_Publish\CTUs.shp,GlobalID,-1,-1;Shape.STArea() "Shape.STArea()" false false true 0 Double 0 0 ,First,#;Shape.STLength() "Shape.STLength()" false false true 0 Double 0 0 ,First,#" #</Process>
				<Process ToolSource="c:\program files (x86)\arcgis\desktop10.7\ArcToolbox\Toolboxes\Data Management Tools.tbx\TruncateTable" Date="20190805" Time="190343">TruncateTable "Database Connections\SDE@GISLibrary.sde\GISLibrary.DBO.AdministrativeAndPolitical\GISLibrary.DBO.CTUs"</Process>
				<Process ToolSource="c:\program files (x86)\arcgis\desktop10.7\ArcToolbox\Toolboxes\Data Management Tools.tbx\Append" Date="20190805" Time="190347">Append \\rafsshare.mc.local\gis\devel\data_devel\ctu\3_Publish\CTUs.shp "Database Connections\SDE@GISLibrary.sde\GISLibrary.DBO.AdministrativeAndPolitical\GISLibrary.DBO.CTUs" NO_TEST "CTU_ID "CTU_ID" true true false 4 Long 0 10 ,First,#,\\rafsshare.mc.local\gis\devel\data_devel\ctu\3_Publish\CTUs.shp,CTU_ID,-1,-1;CTU_NAME "CTU_NAME" true true false 24 Text 0 0 ,First,#,\\rafsshare.mc.local\gis\devel\data_devel\ctu\3_Publish\CTUs.shp,CTU_NAME,-1,-1;CTU_ID_CEN "CTU_ID_CEN" true true false 8 Text 0 0 ,First,#,\\rafsshare.mc.local\gis\devel\data_devel\ctu\3_Publish\CTUs.shp,CTU_ID_CEN,-1,-1;CTU_CODE "CTU_CODE" true true false 5 Text 0 0 ,First,#,\\rafsshare.mc.local\gis\devel\data_devel\ctu\3_Publish\CTUs.shp,CTU_CODE,-1,-1;CTU_TYPE "CTU_TYPE" true true false 1 Text 0 0 ,First,#,\\rafsshare.mc.local\gis\devel\data_devel\ctu\3_Publish\CTUs.shp,CTU_TYPE,-1,-1;ABC_SORT "ABC_SORT" true true false 2 Short 0 5 ,First,#,\\rafsshare.mc.local\gis\devel\data_devel\ctu\3_Publish\CTUs.shp,ABC_SORT,-1,-1;FIVE_COLOR "FIVE_COLOR" true true false 2 Short 0 5 ,First,#,\\rafsshare.mc.local\gis\devel\data_devel\ctu\3_Publish\CTUs.shp,FIVE_COLOR,-1,-1;GlobalID "GlobalID" false false false 38 GlobalID 0 0 ,First,#,\\rafsshare.mc.local\gis\devel\data_devel\ctu\3_Publish\CTUs.shp,GlobalID,-1,-1;Shape.STArea() "Shape.STArea()" false false true 0 Double 0 0 ,First,#;Shape.STLength() "Shape.STLength()" false false true 0 Double 0 0 ,First,#" #</Process>
				<Process ToolSource="c:\program files (x86)\arcgis\desktop10.7\ArcToolbox\Toolboxes\Data Management Tools.tbx\TruncateTable" Date="20190806" Time="143139">TruncateTable "Database Connections\SDE@GISLibrary.sde\GISLibrary.DBO.AdministrativeAndPolitical\GISLibrary.DBO.CTUs"</Process>
				<Process ToolSource="c:\program files (x86)\arcgis\desktop10.7\ArcToolbox\Toolboxes\Data Management Tools.tbx\Append" Date="20190806" Time="143142">Append \\rafsshare.mc.local\gis\devel\data_devel\ctu\3_Publish\CTUs.shp "Database Connections\SDE@GISLibrary.sde\GISLibrary.DBO.AdministrativeAndPolitical\GISLibrary.DBO.CTUs" NO_TEST "CTU_ID "CTU_ID" true true false 4 Long 0 10 ,First,#,\\rafsshare.mc.local\gis\devel\data_devel\ctu\3_Publish\CTUs.shp,CTU_ID,-1,-1;CTU_NAME "CTU_NAME" true true false 24 Text 0 0 ,First,#,\\rafsshare.mc.local\gis\devel\data_devel\ctu\3_Publish\CTUs.shp,CTU_NAME,-1,-1;CTU_ID_CEN "CTU_ID_CEN" true true false 8 Text 0 0 ,First,#,\\rafsshare.mc.local\gis\devel\data_devel\ctu\3_Publish\CTUs.shp,CTU_ID_CEN,-1,-1;CTU_CODE "CTU_CODE" true true false 5 Text 0 0 ,First,#,\\rafsshare.mc.local\gis\devel\data_devel\ctu\3_Publish\CTUs.shp,CTU_CODE,-1,-1;CTU_TYPE "CTU_TYPE" true true false 1 Text 0 0 ,First,#,\\rafsshare.mc.local\gis\devel\data_devel\ctu\3_Publish\CTUs.shp,CTU_TYPE,-1,-1;ABC_SORT "ABC_SORT" true true false 2 Short 0 5 ,First,#,\\rafsshare.mc.local\gis\devel\data_devel\ctu\3_Publish\CTUs.shp,ABC_SORT,-1,-1;FIVE_COLOR "FIVE_COLOR" true true false 2 Short 0 5 ,First,#,\\rafsshare.mc.local\gis\devel\data_devel\ctu\3_Publish\CTUs.shp,FIVE_COLOR,-1,-1;GlobalID "GlobalID" false false false 38 GlobalID 0 0 ,First,#,\\rafsshare.mc.local\gis\devel\data_devel\ctu\3_Publish\CTUs.shp,GlobalID,-1,-1;Shape.STArea() "Shape.STArea()" false false true 0 Double 0 0 ,First,#;Shape.STLength() "Shape.STLength()" false false true 0 Double 0 0 ,First,#" #</Process>
				<Process ToolSource="c:\program files (x86)\arcgis\desktop10.7\ArcToolbox\Toolboxes\Data Management Tools.tbx\TruncateTable" Date="20191023" Time="191135">TruncateTable "Database Connections\SDE@GISLibrary.sde\GISLibrary.DBO.AdministrativeAndPolitical\GISLibrary.DBO.CTUs"</Process>
				<Process ToolSource="c:\program files (x86)\arcgis\desktop10.7\ArcToolbox\Toolboxes\Data Management Tools.tbx\Append" Date="20191023" Time="191138">Append \\rafsshare.mc.local\gis\devel\data_devel\ctu\3_Publish\CTUs.shp "Database Connections\SDE@GISLibrary.sde\GISLibrary.DBO.AdministrativeAndPolitical\GISLibrary.DBO.CTUs" NO_TEST "CTU_ID "CTU_ID" true true false 4 Long 0 10 ,First,#,\\rafsshare.mc.local\gis\devel\data_devel\ctu\3_Publish\CTUs.shp,CTU_ID,-1,-1;CTU_NAME "CTU_NAME" true true false 24 Text 0 0 ,First,#,\\rafsshare.mc.local\gis\devel\data_devel\ctu\3_Publish\CTUs.shp,CTU_NAME,-1,-1;CTU_ID_CEN "CTU_ID_CEN" true true false 8 Text 0 0 ,First,#,\\rafsshare.mc.local\gis\devel\data_devel\ctu\3_Publish\CTUs.shp,CTU_ID_CEN,-1,-1;CTU_CODE "CTU_CODE" true true false 5 Text 0 0 ,First,#,\\rafsshare.mc.local\gis\devel\data_devel\ctu\3_Publish\CTUs.shp,CTU_CODE,-1,-1;CTU_TYPE "CTU_TYPE" true true false 1 Text 0 0 ,First,#,\\rafsshare.mc.local\gis\devel\data_devel\ctu\3_Publish\CTUs.shp,CTU_TYPE,-1,-1;ABC_SORT "ABC_SORT" true true false 2 Short 0 5 ,First,#,\\rafsshare.mc.local\gis\devel\data_devel\ctu\3_Publish\CTUs.shp,ABC_SORT,-1,-1;FIVE_COLOR "FIVE_COLOR" true true false 2 Short 0 5 ,First,#,\\rafsshare.mc.local\gis\devel\data_devel\ctu\3_Publish\CTUs.shp,FIVE_COLOR,-1,-1;GlobalID "GlobalID" false false false 38 GlobalID 0 0 ,First,#,\\rafsshare.mc.local\gis\devel\data_devel\ctu\3_Publish\CTUs.shp,GlobalID,-1,-1;Shape.STArea() "Shape.STArea()" false false true 0 Double 0 0 ,First,#;Shape.STLength() "Shape.STLength()" false false true 0 Double 0 0 ,First,#" #</Process>
				<Process ToolSource="c:\program files (x86)\arcgis\desktop10.7\ArcToolbox\Toolboxes\Data Management Tools.tbx\TruncateTable" Date="20200127" Time="191019">TruncateTable "Database Connections\SDE@GISLibrary.sde\GISLibrary.DBO.AdministrativeAndPolitical\GISLibrary.DBO.CTUs"</Process>
				<Process ToolSource="c:\program files (x86)\arcgis\desktop10.7\ArcToolbox\Toolboxes\Data Management Tools.tbx\Append" Date="20200127" Time="191022">Append \\rafsshare.mc.local\gis\devel\data_devel\ctu\3_Publish\CTUs.shp "Database Connections\SDE@GISLibrary.sde\GISLibrary.DBO.AdministrativeAndPolitical\GISLibrary.DBO.CTUs" NO_TEST "CTU_ID "CTU_ID" true true false 4 Long 0 10 ,First,#,\\rafsshare.mc.local\gis\devel\data_devel\ctu\3_Publish\CTUs.shp,CTU_ID,-1,-1;CTU_NAME "CTU_NAME" true true false 24 Text 0 0 ,First,#,\\rafsshare.mc.local\gis\devel\data_devel\ctu\3_Publish\CTUs.shp,CTU_NAME,-1,-1;CTU_ID_CEN "CTU_ID_CEN" true true false 8 Text 0 0 ,First,#,\\rafsshare.mc.local\gis\devel\data_devel\ctu\3_Publish\CTUs.shp,CTU_ID_CEN,-1,-1;CTU_CODE "CTU_CODE" true true false 5 Text 0 0 ,First,#,\\rafsshare.mc.local\gis\devel\data_devel\ctu\3_Publish\CTUs.shp,CTU_CODE,-1,-1;CTU_TYPE "CTU_TYPE" true true false 1 Text 0 0 ,First,#,\\rafsshare.mc.local\gis\devel\data_devel\ctu\3_Publish\CTUs.shp,CTU_TYPE,-1,-1;ABC_SORT "ABC_SORT" true true false 2 Short 0 5 ,First,#,\\rafsshare.mc.local\gis\devel\data_devel\ctu\3_Publish\CTUs.shp,ABC_SORT,-1,-1;FIVE_COLOR "FIVE_COLOR" true true false 2 Short 0 5 ,First,#,\\rafsshare.mc.local\gis\devel\data_devel\ctu\3_Publish\CTUs.shp,FIVE_COLOR,-1,-1;GlobalID "GlobalID" false false false 38 GlobalID 0 0 ,First,#,\\rafsshare.mc.local\gis\devel\data_devel\ctu\3_Publish\CTUs.shp,GlobalID,-1,-1;Shape.STArea() "Shape.STArea()" false false true 0 Double 0 0 ,First,#;Shape.STLength() "Shape.STLength()" false false true 0 Double 0 0 ,First,#" #</Process>
				<Process ToolSource="c:\program files (x86)\arcgis\desktop10.7\ArcToolbox\Toolboxes\Data Management Tools.tbx\TruncateTable" Date="20200923" Time="101535">TruncateTable "Database Connections\SDE@GISLibrary.sde\GISLibrary.DBO.AdministrativeAndPolitical\GISLibrary.DBO.CTUs"</Process>
				<Process ToolSource="c:\program files (x86)\arcgis\desktop10.7\ArcToolbox\Toolboxes\Data Management Tools.tbx\Append" Date="20200923" Time="101539">Append \\rafsshare.mc.local\gis\devel\data_devel\ctu\3_Publish\CTUs.shp "Database Connections\SDE@GISLibrary.sde\GISLibrary.DBO.AdministrativeAndPolitical\GISLibrary.DBO.CTUs" NO_TEST "CTU_ID "CTU_ID" true true false 4 Long 0 10 ,First,#,\\rafsshare.mc.local\gis\devel\data_devel\ctu\3_Publish\CTUs.shp,CTU_ID,-1,-1;CTU_NAME "CTU_NAME" true true false 24 Text 0 0 ,First,#,\\rafsshare.mc.local\gis\devel\data_devel\ctu\3_Publish\CTUs.shp,CTU_NAME,-1,-1;CTU_ID_CEN "CTU_ID_CEN" true true false 8 Text 0 0 ,First,#,\\rafsshare.mc.local\gis\devel\data_devel\ctu\3_Publish\CTUs.shp,CTU_ID_CEN,-1,-1;CTU_CODE "CTU_CODE" true true false 5 Text 0 0 ,First,#,\\rafsshare.mc.local\gis\devel\data_devel\ctu\3_Publish\CTUs.shp,CTU_CODE,-1,-1;CTU_TYPE "CTU_TYPE" true true false 1 Text 0 0 ,First,#,\\rafsshare.mc.local\gis\devel\data_devel\ctu\3_Publish\CTUs.shp,CTU_TYPE,-1,-1;ABC_SORT "ABC_SORT" true true false 2 Short 0 5 ,First,#,\\rafsshare.mc.local\gis\devel\data_devel\ctu\3_Publish\CTUs.shp,ABC_SORT,-1,-1;FIVE_COLOR "FIVE_COLOR" true true false 2 Short 0 5 ,First,#,\\rafsshare.mc.local\gis\devel\data_devel\ctu\3_Publish\CTUs.shp,FIVE_COLOR,-1,-1;GlobalID "GlobalID" false false false 38 GlobalID 0 0 ,First,#,\\rafsshare.mc.local\gis\devel\data_devel\ctu\3_Publish\CTUs.shp,GlobalID,-1,-1;Shape.STArea() "Shape.STArea()" false false true 0 Double 0 0 ,First,#;Shape.STLength() "Shape.STLength()" false false true 0 Double 0 0 ,First,#" #</Process>
				<Process ToolSource="c:\program files (x86)\arcgis\desktop10.7\ArcToolbox\Toolboxes\Data Management Tools.tbx\TruncateTable" Date="20201013" Time="145217">TruncateTable "Database Connections\SDE@GISLibrary.sde\GISLibrary.DBO.AdministrativeAndPolitical\GISLibrary.DBO.CTUs"</Process>
				<Process ToolSource="c:\program files (x86)\arcgis\desktop10.7\ArcToolbox\Toolboxes\Data Management Tools.tbx\Append" Date="20201013" Time="145221">Append \\rafsshare.mc.local\gis\devel\data_devel\ctu\3_Publish\CTUs.shp "Database Connections\SDE@GISLibrary.sde\GISLibrary.DBO.AdministrativeAndPolitical\GISLibrary.DBO.CTUs" NO_TEST "CTU_ID "CTU_ID" true true false 4 Long 0 10 ,First,#,\\rafsshare.mc.local\gis\devel\data_devel\ctu\3_Publish\CTUs.shp,CTU_ID,-1,-1;CTU_NAME "CTU_NAME" true true false 24 Text 0 0 ,First,#,\\rafsshare.mc.local\gis\devel\data_devel\ctu\3_Publish\CTUs.shp,CTU_NAME,-1,-1;CTU_ID_CEN "CTU_ID_CEN" true true false 8 Text 0 0 ,First,#,\\rafsshare.mc.local\gis\devel\data_devel\ctu\3_Publish\CTUs.shp,CTU_ID_CEN,-1,-1;CTU_CODE "CTU_CODE" true true false 5 Text 0 0 ,First,#,\\rafsshare.mc.local\gis\devel\data_devel\ctu\3_Publish\CTUs.shp,CTU_CODE,-1,-1;CTU_TYPE "CTU_TYPE" true true false 1 Text 0 0 ,First,#,\\rafsshare.mc.local\gis\devel\data_devel\ctu\3_Publish\CTUs.shp,CTU_TYPE,-1,-1;ABC_SORT "ABC_SORT" true true false 2 Short 0 5 ,First,#,\\rafsshare.mc.local\gis\devel\data_devel\ctu\3_Publish\CTUs.shp,ABC_SORT,-1,-1;FIVE_COLOR "FIVE_COLOR" true true false 2 Short 0 5 ,First,#,\\rafsshare.mc.local\gis\devel\data_devel\ctu\3_Publish\CTUs.shp,FIVE_COLOR,-1,-1;GlobalID "GlobalID" false false false 38 GlobalID 0 0 ,First,#,\\rafsshare.mc.local\gis\devel\data_devel\ctu\3_Publish\CTUs.shp,GlobalID,-1,-1;Shape.STArea() "Shape.STArea()" false false true 0 Double 0 0 ,First,#;Shape.STLength() "Shape.STLength()" false false true 0 Double 0 0 ,First,#" #</Process>
				<Process ToolSource="c:\program files (x86)\arcgis\desktop10.7\ArcToolbox\Toolboxes\Conversion Tools.tbx\FeatureClassToFeatureClass" Date="20201013" Time="150133">FeatureClassToFeatureClass L:\Resources\DatabaseConnections\SDE@GISLibrary.sde\GISLibrary.DBO.AdministrativeAndPolitical\GISLibrary.DBO.CTUs \\rafsshare.mc.local\gis\gis_library\GDRS\STAGE\bdry_metro_counties_and_ctus\fgdb\bdry_metro_counties_and_ctus.gdb CTUs # "CTU_ID "CTU_ID" true true false 4 Long 0 10 ,First,#,L:\Resources\DatabaseConnections\SDE@GISLibrary.sde\GISLibrary.DBO.AdministrativeAndPolitical\GISLibrary.DBO.CTUs,CTU_ID,-1,-1;CTU_NAME "CTU_NAME" true true false 24 Text 0 0 ,First,#,L:\Resources\DatabaseConnections\SDE@GISLibrary.sde\GISLibrary.DBO.AdministrativeAndPolitical\GISLibrary.DBO.CTUs,CTU_NAME,-1,-1;CTU_ID_CEN "CTU_ID_CEN" true true false 8 Text 0 0 ,First,#,L:\Resources\DatabaseConnections\SDE@GISLibrary.sde\GISLibrary.DBO.AdministrativeAndPolitical\GISLibrary.DBO.CTUs,CTU_ID_CEN,-1,-1;CTU_CODE "CTU_CODE" true true false 5 Text 0 0 ,First,#,L:\Resources\DatabaseConnections\SDE@GISLibrary.sde\GISLibrary.DBO.AdministrativeAndPolitical\GISLibrary.DBO.CTUs,CTU_CODE,-1,-1;CTU_TYPE "CTU_TYPE" true true false 1 Text 0 0 ,First,#,L:\Resources\DatabaseConnections\SDE@GISLibrary.sde\GISLibrary.DBO.AdministrativeAndPolitical\GISLibrary.DBO.CTUs,CTU_TYPE,-1,-1;ABC_SORT "ABC_SORT" true true false 2 Short 0 5 ,First,#,L:\Resources\DatabaseConnections\SDE@GISLibrary.sde\GISLibrary.DBO.AdministrativeAndPolitical\GISLibrary.DBO.CTUs,ABC_SORT,-1,-1;FIVE_COLOR "FIVE_COLOR" true true false 2 Short 0 5 ,First,#,L:\Resources\DatabaseConnections\SDE@GISLibrary.sde\GISLibrary.DBO.AdministrativeAndPolitical\GISLibrary.DBO.CTUs,FIVE_COLOR,-1,-1;GlobalID "GlobalID" false false false 38 GlobalID 0 0 ,First,#,L:\Resources\DatabaseConnections\SDE@GISLibrary.sde\GISLibrary.DBO.AdministrativeAndPolitical\GISLibrary.DBO.CTUs,GlobalID,-1,-1;Shape_STArea__ "Shape_STArea__" false false true 0 Double 0 0 ,First,#,L:\Resources\DatabaseConnections\SDE@GISLibrary.sde\GISLibrary.DBO.AdministrativeAndPolitical\GISLibrary.DBO.CTUs,Shape.STArea(),-1,-1;Shape_STLength__ "Shape_STLength__" false false true 0 Double 0 0 ,First,#,L:\Resources\DatabaseConnections\SDE@GISLibrary.sde\GISLibrary.DBO.AdministrativeAndPolitical\GISLibrary.DBO.CTUs,Shape.STLength(),-1,-1" #</Process>
				<Process ToolSource="C:\program files\arcgis\server\ArcToolbox\Toolboxes\Conversion Tools.tbx\FeatureClassToFeatureClass" Date="20201013" Time="234409">FeatureClassToFeatureClass /var/ftp/gdrs_temp/update\us_mn_state_metc\bdry_metro_counties_and_ctus\fgdb\bdry_metro_counties_and_ctus.gdb\CTUs /var/ftp/gdrs_temp/update\us_mn_state_metc\bdry_metro_counties_and_ctus\shp CTUs.shp # "CTU_ID "CTU_ID" true true false 4 Long 0 0 ,First,#,/var/ftp/gdrs_temp/update\us_mn_state_metc\bdry_metro_counties_and_ctus\fgdb\bdry_metro_counties_and_ctus.gdb\CTUs,CTU_ID,-1,-1;CTU_NAME "CTU_NAME" true true false 24 Text 0 0 ,First,#,/var/ftp/gdrs_temp/update\us_mn_state_metc\bdry_metro_counties_and_ctus\fgdb\bdry_metro_counties_and_ctus.gdb\CTUs,CTU_NAME,-1,-1;CTU_ID_CEN "CTU_ID_CEN" true true false 8 Text 0 0 ,First,#,/var/ftp/gdrs_temp/update\us_mn_state_metc\bdry_metro_counties_and_ctus\fgdb\bdry_metro_counties_and_ctus.gdb\CTUs,CTU_ID_CEN,-1,-1;CTU_CODE "CTU_CODE" true true false 5 Text 0 0 ,First,#,/var/ftp/gdrs_temp/update\us_mn_state_metc\bdry_metro_counties_and_ctus\fgdb\bdry_metro_counties_and_ctus.gdb\CTUs,CTU_CODE,-1,-1;CTU_TYPE "CTU_TYPE" true true false 1 Text 0 0 ,First,#,/var/ftp/gdrs_temp/update\us_mn_state_metc\bdry_metro_counties_and_ctus\fgdb\bdry_metro_counties_and_ctus.gdb\CTUs,CTU_TYPE,-1,-1;ABC_SORT "ABC_SORT" true true false 2 Short 0 0 ,First,#,/var/ftp/gdrs_temp/update\us_mn_state_metc\bdry_metro_counties_and_ctus\fgdb\bdry_metro_counties_and_ctus.gdb\CTUs,ABC_SORT,-1,-1;FIVE_COLOR "FIVE_COLOR" true true false 2 Short 0 0 ,First,#,/var/ftp/gdrs_temp/update\us_mn_state_metc\bdry_metro_counties_and_ctus\fgdb\bdry_metro_counties_and_ctus.gdb\CTUs,FIVE_COLOR,-1,-1;Shape_Leng "Shape_Leng" false true true 8 Double 0 0 ,First,#,/var/ftp/gdrs_temp/update\us_mn_state_metc\bdry_metro_counties_and_ctus\fgdb\bdry_metro_counties_and_ctus.gdb\CTUs,Shape_Length,-1,-1;Shape_Area "Shape_Area" false true true 8 Double 0 0 ,First,#,/var/ftp/gdrs_temp/update\us_mn_state_metc\bdry_metro_counties_and_ctus\fgdb\bdry_metro_counties_and_ctus.gdb\CTUs,Shape_Area,-1,-1" #</Process>
			</lineage>
			<itemProps>
				<itemName Sync="TRUE">CTUs</itemName>
				<imsContentType Sync="TRUE">002</imsContentType>
				<itemLocation>
					<linkage Sync="TRUE">file://\\g46palgdrftp001\Z\var\ftp\gdrs_temp\update\us_mn_state_metc\bdry_metro_counties_and_ctus\shp\CTUs.shp</linkage>
					<protocol Sync="TRUE">Local Area Network</protocol>
				</itemLocation>
				<itemSize Sync="TRUE">0.000</itemSize>
			</itemProps>
			<coordRef>
				<type Sync="TRUE">Projected</type>
				<geogcsn Sync="TRUE">GCS_North_American_1983</geogcsn>
				<csUnits Sync="TRUE">Linear Unit: Meter (1.000000)</csUnits>
				<projcsn Sync="TRUE">NAD_1983_UTM_Zone_15N</projcsn>
				<peXml Sync="TRUE">&lt;ProjectedCoordinateSystem xsi:type='typens:ProjectedCoordinateSystem' xmlns:xsi='http://www.w3.org/2001/XMLSchema-instance' xmlns:xs='http://www.w3.org/2001/XMLSchema' xmlns:typens='http://www.esri.com/schemas/ArcGIS/10.4'&gt;&lt;WKT&gt;PROJCS[&amp;quot;NAD_1983_UTM_Zone_15N&amp;quot;,GEOGCS[&amp;quot;GCS_North_American_1983&amp;quot;,DATUM[&amp;quot;D_North_American_1983&amp;quot;,SPHEROID[&amp;quot;GRS_1980&amp;quot;,6378137.0,298.257222101]],PRIMEM[&amp;quot;Greenwich&amp;quot;,0.0],UNIT[&amp;quot;Degree&amp;quot;,0.0174532925199433]],PROJECTION[&amp;quot;Transverse_Mercator&amp;quot;],PARAMETER[&amp;quot;False_Easting&amp;quot;,500000.0],PARAMETER[&amp;quot;False_Northing&amp;quot;,0.0],PARAMETER[&amp;quot;Central_Meridian&amp;quot;,-93.0],PARAMETER[&amp;quot;Scale_Factor&amp;quot;,0.9996],PARAMETER[&amp;quot;Latitude_Of_Origin&amp;quot;,0.0],UNIT[&amp;quot;Meter&amp;quot;,1.0],AUTHORITY[&amp;quot;EPSG&amp;quot;,26915]]&lt;/WKT&gt;&lt;XOrigin&gt;-5120900&lt;/XOrigin&gt;&lt;YOrigin&gt;-9998100&lt;/YOrigin&gt;&lt;XYScale&gt;450445547.3910538&lt;/XYScale&gt;&lt;ZOrigin&gt;-100000&lt;/ZOrigin&gt;&lt;ZScale&gt;10000&lt;/ZScale&gt;&lt;MOrigin&gt;-100000&lt;/MOrigin&gt;&lt;MScale&gt;10000&lt;/MScale&gt;&lt;XYTolerance&gt;0.001&lt;/XYTolerance&gt;&lt;ZTolerance&gt;0.001&lt;/ZTolerance&gt;&lt;MTolerance&gt;0.001&lt;/MTolerance&gt;&lt;HighPrecision&gt;true&lt;/HighPrecision&gt;&lt;WKID&gt;26915&lt;/WKID&gt;&lt;LatestWKID&gt;26915&lt;/LatestWKID&gt;&lt;/ProjectedCoordinateSystem&gt;</peXml>
			</coordRef>
		</DataProperties>
		<SyncDate>20201013</SyncDate>
		<SyncTime>23440900</SyncTime>
		<ModDate>20201013</ModDate>
		<ModTime>23440900</ModTime>
	</Esri>
	<dataIdInfo>
		<envirDesc Sync="TRUE">Microsoft Windows XP Professional x64 Edition Version 5.2 (Build 3790) Service Pack 2; Esri ArcGIS 10.4.1.5686</envirDesc>
		<dataLang>
			<languageCode value="en" Sync="TRUE"/>
			<countryCode value="US" Sync="TRUE"/>
		</dataLang>
		<idCitation>
			<resTitle Sync="TRUE">CTUs</resTitle>
			<presForm>
				<PresFormCd value="005" Sync="TRUE"/>
			</presForm>
		</idCitation>
		<spatRpType>
			<SpatRepTypCd value="001" Sync="TRUE"/>
		</spatRpType>
	</dataIdInfo>
	<mdLang>
		<languageCode value="en" Sync="TRUE"/>
		<countryCode value="US" Sync="TRUE"/>
	</mdLang>
	<distInfo>
		<distFormat>
			<formatName Sync="TRUE">Shapefile</formatName>
		</distFormat>
		<distTranOps>
			<transSize Sync="TRUE">0.000</transSize>
		</distTranOps>
	</distInfo>
	<mdHrLv>
		<ScopeCd value="005" Sync="TRUE"/>
	</mdHrLv>
	<mdHrLvName Sync="TRUE">dataset</mdHrLvName>
	<refSysInfo>
		<RefSystem>
			<refSysID>
				<identCode code="26915" Sync="TRUE"/>
				<idCodeSpace Sync="TRUE">EPSG</idCodeSpace>
				<idVersion Sync="TRUE">6.13(3.0.1)</idVersion>
			</refSysID>
		</RefSystem>
	</refSysInfo>
	<spatRepInfo>
		<VectSpatRep>
			<geometObjs Name="CTUs">
				<geoObjTyp>
					<GeoObjTypCd value="002" Sync="TRUE"/>
				</geoObjTyp>
				<geoObjCnt Sync="TRUE">0</geoObjCnt>
			</geometObjs>
			<topLvl>
				<TopoLevCd value="001" Sync="TRUE"/>
			</topLvl>
		</VectSpatRep>
	</spatRepInfo>
	<spdoinfo>
		<ptvctinf>
			<esriterm Name="CTUs">
				<efeatyp Sync="TRUE">Simple</efeatyp>
				<efeageom code="4" Sync="TRUE"/>
				<esritopo Sync="TRUE">FALSE</esritopo>
				<efeacnt Sync="TRUE">0</efeacnt>
				<spindex Sync="TRUE">FALSE</spindex>
				<linrefer Sync="TRUE">FALSE</linrefer>
			</esriterm>
		</ptvctinf>
	</spdoinfo>
	<eainfo>
		<detailed Name="CTUs">
			<enttyp>
				<enttypl Sync="TRUE">CTUs</enttypl>
				<enttypt Sync="TRUE">Feature Class</enttypt>
				<enttypc Sync="TRUE">0</enttypc>
			</enttyp>
			<attr>
				<attrlabl Sync="TRUE">FID</attrlabl>
				<attalias Sync="TRUE">FID</attalias>
				<attrtype Sync="TRUE">OID</attrtype>
				<attwidth Sync="TRUE">4</attwidth>
				<atprecis Sync="TRUE">0</atprecis>
				<attscale Sync="TRUE">0</attscale>
				<attrdef Sync="TRUE">Internal feature number.</attrdef>
				<attrdefs Sync="TRUE">Esri</attrdefs>
				<attrdomv>
					<udom Sync="TRUE">Sequential unique whole numbers that are automatically generated.</udom>
				</attrdomv>
			</attr>
			<attr>
				<attrlabl Sync="TRUE">Shape</attrlabl>
				<attalias Sync="TRUE">Shape</attalias>
				<attrtype Sync="TRUE">Geometry</attrtype>
				<attwidth Sync="TRUE">0</attwidth>
				<atprecis Sync="TRUE">0</atprecis>
				<attscale Sync="TRUE">0</attscale>
				<attrdef Sync="TRUE">Feature geometry.</attrdef>
				<attrdefs Sync="TRUE">Esri</attrdefs>
				<attrdomv>
					<udom Sync="TRUE">Coordinates defining the features.</udom>
				</attrdomv>
			</attr>
			<attr>
				<attrlabl Sync="TRUE">CTU_ID</attrlabl>
				<attalias Sync="TRUE">CTU_ID</attalias>
				<attrtype Sync="TRUE">Integer</attrtype>
				<attwidth Sync="TRUE">10</attwidth>
				<atprecis Sync="TRUE">10</atprecis>
				<attscale Sync="TRUE">0</attscale>
			</attr>
			<attr>
				<attrlabl Sync="TRUE">CTU_NAME</attrlabl>
				<attalias Sync="TRUE">CTU_NAME</attalias>
				<attrtype Sync="TRUE">String</attrtype>
				<attwidth Sync="TRUE">24</attwidth>
				<atprecis Sync="TRUE">0</atprecis>
				<attscale Sync="TRUE">0</attscale>
			</attr>
			<attr>
				<attrlabl Sync="TRUE">CTU_ID_CEN</attrlabl>
				<attalias Sync="TRUE">CTU_ID_CEN</attalias>
				<attrtype Sync="TRUE">String</attrtype>
				<attwidth Sync="TRUE">8</attwidth>
				<atprecis Sync="TRUE">0</atprecis>
				<attscale Sync="TRUE">0</attscale>
			</attr>
			<attr>
				<attrlabl Sync="TRUE">CTU_CODE</attrlabl>
				<attalias Sync="TRUE">CTU_CODE</attalias>
				<attrtype Sync="TRUE">String</attrtype>
				<attwidth Sync="TRUE">5</attwidth>
				<atprecis Sync="TRUE">0</atprecis>
				<attscale Sync="TRUE">0</attscale>
			</attr>
			<attr>
				<attrlabl Sync="TRUE">CTU_TYPE</attrlabl>
				<attalias Sync="TRUE">CTU_TYPE</attalias>
				<attrtype Sync="TRUE">String</attrtype>
				<attwidth Sync="TRUE">1</attwidth>
				<atprecis Sync="TRUE">0</atprecis>
				<attscale Sync="TRUE">0</attscale>
			</attr>
			<attr>
				<attrlabl Sync="TRUE">ABC_SORT</attrlabl>
				<attalias Sync="TRUE">ABC_SORT</attalias>
				<attrtype Sync="TRUE">Integer</attrtype>
				<attwidth Sync="TRUE">5</attwidth>
				<atprecis Sync="TRUE">5</atprecis>
				<attscale Sync="TRUE">0</attscale>
			</attr>
			<attr>
				<attrlabl Sync="TRUE">FIVE_COLOR</attrlabl>
				<attalias Sync="TRUE">FIVE_COLOR</attalias>
				<attrtype Sync="TRUE">Integer</attrtype>
				<attwidth Sync="TRUE">5</attwidth>
				<atprecis Sync="TRUE">5</atprecis>
				<attscale Sync="TRUE">0</attscale>
			</attr>
			<attr>
				<attrlabl Sync="TRUE">Shape_Leng</attrlabl>
				<attalias Sync="TRUE">Shape_Leng</attalias>
				<attrtype Sync="TRUE">Double</attrtype>
				<attwidth Sync="TRUE">19</attwidth>
				<atprecis Sync="TRUE">0</atprecis>
				<attscale Sync="TRUE">0</attscale>
			</attr>
			<attr>
				<attrlabl Sync="TRUE">Shape_Area</attrlabl>
				<attalias Sync="TRUE">Shape_Area</attalias>
				<attrtype Sync="TRUE">Double</attrtype>
				<attwidth Sync="TRUE">19</attwidth>
				<atprecis Sync="TRUE">0</atprecis>
				<attscale Sync="TRUE">0</attscale>
				<attrdef Sync="TRUE">Area of feature in internal units squared.</attrdef>
				<attrdefs Sync="TRUE">Esri</attrdefs>
				<attrdomv>
					<udom Sync="TRUE">Positive real numbers that are automatically generated.</udom>
				</attrdomv>
			</attr>
		</detailed>
	</eainfo>
	<mdDateSt Sync="TRUE">20201013</mdDateSt>
</metadata>
