﻿<metadata><idinfo><citation><citeinfo><origin>Minnesota Pollution Control Agency</origin><title>Impaired Streams, Minnesota, 2014 (Final)</title><pubinfo><publish>Minnesota Pollution Control Agency</publish></pubinfo><pubdate>20180529</pubdate></citeinfo></citation><descript><abstract>This is a draft set of the impaired streams as determined by MPCA's surface water quality assessment process in 2012 and 2013 for the 2014 reporting cycle to US Environmental Protection Agency (EPA). Streams declared impaired prior to 2012 are also included in this dataset unless they have been delisted. Impairments on waterbodies included in the dataset were approved by EPA on May 29th, 2018. These streams are a subset and enhancement of the 1:24,000 scale National Hydrography Dataset (NHD). In cases where the NHD does not include a stream reach that MPCA has assessed, a feature is added by MPCA. Since the impaired streams are a small subset of the NHD, only that subset is included in the dataset. This dataset includes impaired streams which have not yet had a TMDL plan approved by the US EPA, those that have a US EPA approved TMDL plan as well as those waters that do not need a TMDL plan.</abstract><purpose>These data are intended to be used for planning, informational, and cartographic purposes related to surface water quality in Minnesota.</purpose><supplinf>State of Minnesota</supplinf></descript><crossref><citeinfo><title>Detailed information regarding the impaired waterbodies is available in spreadsheet form here: http://www.pca.state.mn.us/index.php/view-document.html?gid=20205</title></citeinfo></crossref><timeperd><current>These data reflect the state of the MPCA's surface water assessment database as of the dataset publication date.</current><timeinfo><sngdate><caldate>20180529</caldate></sngdate></timeinfo></timeperd><status><progress>Complete</progress><update>None Planned</update></status><keywords><theme><themekt>ISO 19115</themekt><themekey>inlandWaters, surface water, water chemistry, water quality</themekey></theme><place><placekey>Minnesota</placekey></place></keywords><accconst>None</accconst><spdom><bounding><westbc>189777.15</westbc><eastbc>727255.82</eastbc><northbc>5436176.49</northbc><southbc>4816310.34</southbc></bounding></spdom><ptcontac><cntinfo><cntperp><cntorg>Minnesota Pollution Control Agency</cntorg><cntper>Kristofor Parson</cntper></cntperp><cntpos>Data Specialist</cntpos><cntaddr><addrtype>Mailing and Physical</addrtype><address>525 S. Lake Ave.</address><city>Duluth</city><state>MN</state><postal>55802</postal></cntaddr><cntvoice>218-302-6622</cntvoice><cntemail>kristofor.parson@state.mn.us</cntemail></cntinfo></ptcontac></idinfo><eainfo><detailed><enttyp><enttypl>impaired_2014_streams_final</enttypl><enttypt Sync="TRUE">Feature Class</enttypt><enttypc Sync="TRUE">1268</enttypc></enttyp><attr><attrlabl>FID</attrlabl><attrdef>Internal feature number.</attrdef><attrdefs>Esri</attrdefs><attrdomv><udom>Sequential unique whole numbers that are automatically generated.</udom></attrdomv><attalias Sync="TRUE">FID</attalias><attrtype Sync="TRUE">OID</attrtype><attwidth Sync="TRUE">4</attwidth><atprecis Sync="TRUE">0</atprecis><attscale Sync="TRUE">0</attscale></attr><attr><attrlabl>Shape</attrlabl><attrdef>Feature geometry.</attrdef><attrdefs>Esri</attrdefs><attrdomv><udom>Coordinates defining the features.</udom></attrdomv><attalias Sync="TRUE">Shape</attalias><attrtype Sync="TRUE">Geometry</attrtype><attwidth Sync="TRUE">0</attwidth><atprecis Sync="TRUE">0</atprecis><attscale Sync="TRUE">0</attscale></attr><attr><attrlabl>AUID</attrlabl><attalias Sync="TRUE">AUID</attalias><attrtype Sync="TRUE">String</attrtype><attwidth Sync="TRUE">12</attwidth><atprecis Sync="TRUE">0</atprecis><attscale Sync="TRUE">0</attscale></attr><attr><attrlabl>REACH_NAME</attrlabl><attalias Sync="TRUE">REACH_NAME</attalias><attrtype Sync="TRUE">String</attrtype><attwidth Sync="TRUE">100</attwidth><atprecis Sync="TRUE">0</atprecis><attscale Sync="TRUE">0</attscale></attr><attr><attrlabl>REACH_DESC</attrlabl><attalias Sync="TRUE">REACH_DESC</attalias><attrtype Sync="TRUE">String</attrtype><attwidth Sync="TRUE">120</attwidth><atprecis Sync="TRUE">0</atprecis><attscale Sync="TRUE">0</attscale></attr><attr><attrlabl>USE_CLASS</attrlabl><attalias Sync="TRUE">USE_CLASS</attalias><attrtype Sync="TRUE">String</attrtype><attwidth Sync="TRUE">120</attwidth><atprecis Sync="TRUE">0</atprecis><attscale Sync="TRUE">0</attscale></attr><attr><attrlabl>MILES</attrlabl><attalias Sync="TRUE">MILES</attalias><attrtype Sync="TRUE">Double</attrtype><attwidth Sync="TRUE">19</attwidth><atprecis Sync="TRUE">0</atprecis><attscale Sync="TRUE">0</attscale></attr><attr><attrlabl>CAT</attrlabl><attalias Sync="TRUE">CAT</attalias><attrtype Sync="TRUE">String</attrtype><attwidth Sync="TRUE">3</attwidth><atprecis Sync="TRUE">0</atprecis><attscale Sync="TRUE">0</attscale></attr><attr><attrlabl>AFFECTED_U</attrlabl><attalias Sync="TRUE">AFFECTED_U</attalias><attrtype Sync="TRUE">String</attrtype><attwidth Sync="TRUE">254</attwidth><atprecis Sync="TRUE">0</atprecis><attscale Sync="TRUE">0</attscale></attr><attr><attrlabl>NOPLN</attrlabl><attalias Sync="TRUE">NOPLN</attalias><attrtype Sync="TRUE">String</attrtype><attwidth Sync="TRUE">254</attwidth><atprecis Sync="TRUE">0</atprecis><attscale Sync="TRUE">0</attscale></attr><attr><attrlabl>APPROVED</attrlabl><attalias Sync="TRUE">APPROVED</attalias><attrtype Sync="TRUE">String</attrtype><attwidth Sync="TRUE">254</attwidth><atprecis Sync="TRUE">0</atprecis><attscale Sync="TRUE">0</attscale></attr><attr><attrlabl>NEEDSPLN</attrlabl><attalias Sync="TRUE">NEEDSPLN</attalias><attrtype Sync="TRUE">String</attrtype><attwidth Sync="TRUE">254</attwidth><atprecis Sync="TRUE">0</atprecis><attscale Sync="TRUE">0</attscale></attr><attr><attrlabl>IMPAIR_PAR</attrlabl><attalias Sync="TRUE">IMPAIR_PAR</attalias><attrtype Sync="TRUE">String</attrtype><attwidth Sync="TRUE">254</attwidth><atprecis Sync="TRUE">0</atprecis><attscale Sync="TRUE">0</attscale></attr><attr><attrlabl>NEW_2014</attrlabl><attalias Sync="TRUE">NEW_2014</attalias><attrtype Sync="TRUE">String</attrtype><attwidth Sync="TRUE">50</attwidth><atprecis Sync="TRUE">0</atprecis><attscale Sync="TRUE">0</attscale></attr><attr><attrlabl>HUC8</attrlabl><attalias Sync="TRUE">HUC8</attalias><attrtype Sync="TRUE">String</attrtype><attwidth Sync="TRUE">8</attwidth><atprecis Sync="TRUE">0</atprecis><attscale Sync="TRUE">0</attscale></attr><attr><attrlabl>HUC8_NAME</attrlabl><attalias Sync="TRUE">HUC8_NAME</attalias><attrtype Sync="TRUE">String</attrtype><attwidth Sync="TRUE">50</attwidth><atprecis Sync="TRUE">0</atprecis><attscale Sync="TRUE">0</attscale></attr><attr><attrlabl>HUC4</attrlabl><attalias Sync="TRUE">HUC4</attalias><attrtype Sync="TRUE">String</attrtype><attwidth Sync="TRUE">10</attwidth><atprecis Sync="TRUE">0</atprecis><attscale Sync="TRUE">0</attscale></attr><attr><attrlabl>BASIN</attrlabl><attalias Sync="TRUE">BASIN</attalias><attrtype Sync="TRUE">String</attrtype><attwidth Sync="TRUE">50</attwidth><atprecis Sync="TRUE">0</atprecis><attscale Sync="TRUE">0</attscale></attr><attr><attrlabl>ALL_COUNTI</attrlabl><attalias Sync="TRUE">ALL_COUNTI</attalias><attrtype Sync="TRUE">String</attrtype><attwidth Sync="TRUE">55</attwidth><atprecis Sync="TRUE">0</atprecis><attscale Sync="TRUE">0</attscale></attr><attr><attrlabl>WDWMO_NAME</attrlabl><attalias Sync="TRUE">WDWMO_NAME</attalias><attrtype Sync="TRUE">String</attrtype><attwidth Sync="TRUE">150</attwidth><atprecis Sync="TRUE">0</atprecis><attscale Sync="TRUE">0</attscale></attr><attr><attrlabl>WDWMO_TYPE</attrlabl><attalias Sync="TRUE">WDWMO_TYPE</attalias><attrtype Sync="TRUE">String</attrtype><attwidth Sync="TRUE">30</attwidth><atprecis Sync="TRUE">0</atprecis><attscale Sync="TRUE">0</attscale></attr><attr><attrlabl>A</attrlabl><attalias Sync="TRUE">A</attalias><attrtype Sync="TRUE">String</attrtype><attwidth Sync="TRUE">20</attwidth><atprecis Sync="TRUE">0</atprecis><attscale Sync="TRUE">0</attscale></attr><attr><attrlabl>Arsenic</attrlabl><attalias Sync="TRUE">Arsenic</attalias><attrtype Sync="TRUE">String</attrtype><attwidth Sync="TRUE">20</attwidth><atprecis Sync="TRUE">0</atprecis><attscale Sync="TRUE">0</attscale></attr><attr><attrlabl>Chloride</attrlabl><attalias Sync="TRUE">Chloride</attalias><attrtype Sync="TRUE">String</attrtype><attwidth Sync="TRUE">20</attwidth><atprecis Sync="TRUE">0</atprecis><attscale Sync="TRUE">0</attscale></attr><attr><attrlabl>Chlpyr</attrlabl><attalias Sync="TRUE">Chlpyr</attalias><attrtype Sync="TRUE">String</attrtype><attwidth Sync="TRUE">20</attwidth><atprecis Sync="TRUE">0</atprecis><attscale Sync="TRUE">0</attscale></attr><attr><attrlabl>DDT</attrlabl><attalias Sync="TRUE">DDT</attalias><attrtype Sync="TRUE">String</attrtype><attwidth Sync="TRUE">20</attwidth><atprecis Sync="TRUE">0</atprecis><attscale Sync="TRUE">0</attscale></attr><attr><attrlabl>Dieldrin</attrlabl><attalias Sync="TRUE">Dieldrin</attalias><attrtype Sync="TRUE">String</attrtype><attwidth Sync="TRUE">20</attwidth><atprecis Sync="TRUE">0</atprecis><attscale Sync="TRUE">0</attscale></attr><attr><attrlabl>Dioxin</attrlabl><attalias Sync="TRUE">Dioxin</attalias><attrtype Sync="TRUE">String</attrtype><attwidth Sync="TRUE">20</attwidth><atprecis Sync="TRUE">0</atprecis><attscale Sync="TRUE">0</attscale></attr><attr><attrlabl>DO</attrlabl><attalias Sync="TRUE">DO</attalias><attrtype Sync="TRUE">String</attrtype><attwidth Sync="TRUE">20</attwidth><atprecis Sync="TRUE">0</atprecis><attscale Sync="TRUE">0</attscale></attr><attr><attrlabl>E_coli</attrlabl><attalias Sync="TRUE">E_coli</attalias><attrtype Sync="TRUE">String</attrtype><attwidth Sync="TRUE">20</attwidth><atprecis Sync="TRUE">0</atprecis><attscale Sync="TRUE">0</attscale></attr><attr><attrlabl>FC</attrlabl><attalias Sync="TRUE">FC</attalias><attrtype Sync="TRUE">String</attrtype><attwidth Sync="TRUE">20</attwidth><atprecis Sync="TRUE">0</atprecis><attscale Sync="TRUE">0</attscale></attr><attr><attrlabl>F_IBI</attrlabl><attalias Sync="TRUE">F_IBI</attalias><attrtype Sync="TRUE">String</attrtype><attwidth Sync="TRUE">20</attwidth><atprecis Sync="TRUE">0</atprecis><attscale Sync="TRUE">0</attscale></attr><attr><attrlabl>HgF</attrlabl><attalias Sync="TRUE">HgF</attalias><attrtype Sync="TRUE">String</attrtype><attwidth Sync="TRUE">20</attwidth><atprecis Sync="TRUE">0</atprecis><attscale Sync="TRUE">0</attscale></attr><attr><attrlabl>HgW</attrlabl><attalias Sync="TRUE">HgW</attalias><attrtype Sync="TRUE">String</attrtype><attwidth Sync="TRUE">20</attwidth><atprecis Sync="TRUE">0</atprecis><attscale Sync="TRUE">0</attscale></attr><attr><attrlabl>LCWA</attrlabl><attalias Sync="TRUE">LCWA</attalias><attrtype Sync="TRUE">String</attrtype><attwidth Sync="TRUE">20</attwidth><atprecis Sync="TRUE">0</atprecis><attscale Sync="TRUE">0</attscale></attr><attr><attrlabl>M_IBI</attrlabl><attalias Sync="TRUE">M_IBI</attalias><attrtype Sync="TRUE">String</attrtype><attwidth Sync="TRUE">20</attwidth><atprecis Sync="TRUE">0</atprecis><attscale Sync="TRUE">0</attscale></attr><attr><attrlabl>NO3</attrlabl><attalias Sync="TRUE">NO3</attalias><attrtype Sync="TRUE">String</attrtype><attwidth Sync="TRUE">20</attwidth><atprecis Sync="TRUE">0</atprecis><attscale Sync="TRUE">0</attscale></attr><attr><attrlabl>PCBF</attrlabl><attalias Sync="TRUE">PCBF</attalias><attrtype Sync="TRUE">String</attrtype><attwidth Sync="TRUE">20</attwidth><atprecis Sync="TRUE">0</atprecis><attscale Sync="TRUE">0</attscale></attr><attr><attrlabl>PCBW</attrlabl><attalias Sync="TRUE">PCBW</attalias><attrtype Sync="TRUE">String</attrtype><attwidth Sync="TRUE">20</attwidth><atprecis Sync="TRUE">0</atprecis><attscale Sync="TRUE">0</attscale></attr><attr><attrlabl>PFOS_F</attrlabl><attalias Sync="TRUE">PFOS_F</attalias><attrtype Sync="TRUE">String</attrtype><attwidth Sync="TRUE">20</attwidth><atprecis Sync="TRUE">0</atprecis><attscale Sync="TRUE">0</attscale></attr><attr><attrlabl>PFOS_W</attrlabl><attalias Sync="TRUE">PFOS_W</attalias><attrtype Sync="TRUE">String</attrtype><attwidth Sync="TRUE">20</attwidth><atprecis Sync="TRUE">0</atprecis><attscale Sync="TRUE">0</attscale></attr><attr><attrlabl>pH</attrlabl><attalias Sync="TRUE">pH</attalias><attrtype Sync="TRUE">String</attrtype><attwidth Sync="TRUE">20</attwidth><atprecis Sync="TRUE">0</atprecis><attscale Sync="TRUE">0</attscale></attr><attr><attrlabl>T</attrlabl><attalias Sync="TRUE">T</attalias><attrtype Sync="TRUE">String</attrtype><attwidth Sync="TRUE">20</attwidth><atprecis Sync="TRUE">0</atprecis><attscale Sync="TRUE">0</attscale></attr><attr><attrlabl>TM</attrlabl><attalias Sync="TRUE">TM</attalias><attrtype Sync="TRUE">String</attrtype><attwidth Sync="TRUE">20</attwidth><atprecis Sync="TRUE">0</atprecis><attscale Sync="TRUE">0</attscale></attr><attr><attrlabl>Toxaphene</attrlabl><attalias Sync="TRUE">Toxaphene</attalias><attrtype Sync="TRUE">String</attrtype><attwidth Sync="TRUE">20</attwidth><atprecis Sync="TRUE">0</atprecis><attscale Sync="TRUE">0</attscale></attr><attr><attrlabl>TSS</attrlabl><attalias Sync="TRUE">TSS</attalias><attrtype Sync="TRUE">String</attrtype><attwidth Sync="TRUE">20</attwidth><atprecis Sync="TRUE">0</atprecis><attscale Sync="TRUE">0</attscale></attr><attr><attrlabl>SHAPE_Leng</attrlabl><attalias Sync="TRUE">SHAPE_Leng</attalias><attrtype Sync="TRUE">Double</attrtype><attwidth Sync="TRUE">19</attwidth><atprecis Sync="TRUE">0</atprecis><attscale Sync="TRUE">0</attscale></attr></detailed><overview><eaover>All streams contained in this shapefile are on the draft 2014 Impaired Waters List prepared by the Minnesota Pollution Control Agency.

AUID:  Assessment Unit ID, a waterbody identifer that is the WBD eight digit watershed code and the three digit reach number. This AUID constitutes a unique identifer for each reach in the dataset.

REACH_NAME: Name of the stream reach associated with the AUID.

REACH_DESC: A rough description of the reach location.

USE_CLASS: Use class per MN Statute 7050.0470.

MILES: The length, in miles, of the stream reach (assessment unit).

CAT: EPA Consolidation Assessment and Listing Methodology [CALM] category, which integrates the 305(b) Report with the 303(d) TMDL List. 
   The five categories in CALM are as follows: 
   Category 1: all designated uses are meeting water quality standards. 
   Category 2: some uses are meeting water quality standards and there are insufficient data to assess other uses. 
   Category 3: there are insufficient data to assess any uses. 
   Category 4: at least one use is impaired, but a TMDL is not required.
   Category 5: at least one use is impaired and a TMDL is required. These become the List of impaired waters. 

A reach can only be placed into one Category. For example, if a reach is impaired for one pollutant but the other uses are being  met, and a TMDL is required, that reach would be placed into Category 5. Furthermore, if the reach is impaired for more than one pollutant, the reach must stay in Category 5 until ALL pollutants have EPA-approved TMDL plans. 

For 'bookkeeping' purposes, these Categories can be sub-divided. Category 4 has the following four sub-categories: 
   4A: Impaired, but a TMDL study has been approved by EPA. 
   4B: Impaired, but a TMDL study is not required because water quality standards are expected to be met in the near future. 
   4C: Impaired, but a TMDL study is not required because the impairment is not caused by a pollutant. 
   4D: An assessment unit is impaired or threatened but doesn't require a TMDL because the impairment is due to natural conditions with only insignificant anthropogenic influence. To be considered 'insignificant', the elimination of the anthropogenic influence would not lead to the attainment of water quality standards and it would not be included in formal pollution reduction goal-setting  activities. A reach-specific water quality standard based on local natural conditions has yet to be determined. Upon determination,    the assessment unit will be considered non-impaired for the natural conditions and re-categorized to an appropriate category. 
   4E: Impaired or threatened but existing data indicates a TMDL is not required because impairment is solely a result of natural    sources; a final determination of Category 4D will be made in the next assessment cycle pending confirmation from additional information (i.e. water quality or land use). 

Category 5 has the following three sub-categories: 
   5A: Impaired by multiple pollutants and no TMDL study plans are approved by EPA. 
   5B: Impaired by multiple pollutants and at least one TMDL study plan is approved by EPA. 
   5C: Impaired by one pollutant and no TMDL study plan is approved by EPA.

AFFECTED_U:  Impaired Use(s)
   Values: 
     AQC: Aquatic Consumption
     AQR: Aquatic Recreation
     AQL: Aquatic Life
     DW: Drinking Water
     CLASS 7: Limited Resource Value Waters
   a combination of these values

NOPLN: The parameter(s) for which no TMDL plans is required.
   Values:
     Arsenic
     DO: Dissolved Oxygen
     F-IBI: Index of Biological Integrity - Fish
     M-IBI: Index of Biological Integrity - Macroinvertebrates

APPROVED: The parameter(s) for which TMDL plans have been approved.
   Values:
     Cl-: Chloride
     DO: Dissolved Oxygen
     E.coli: Escherichia coli
     FC: Fecal Coliform
     F-IBI: Index of Biological Integrity - Fish
     HgF: Mercury in Fish Tissue
     HgW: Mercury in Water Column
     LCWA: Lack of Cold Water Assemblage
     pH
     T: Turbidity
   
NEEDSPLN: The pollutant(s) for which TMDL plans must be developed and approved.
   Values:
     A: Ammonia (Un-ionized)
     Chlpyr: Chlorpyrifos
     Cl-: Chloride
     DDT
     Dieldrin
     Dioxin
     DO: Dissolved Oxygen
     E.coli: Escherichia coli
     FC: Fecal Coliform
     F-IBI: Index of Biological Integrity - Fish
     HgF: Mercury in Fish Tissue
     HgW: Mercury in Water Column
     LCWA: Lack of Cold Water Assemblage
     M-IBI: Index of Biological Integrity - Macroinvertebrates
     NO3: Nitrates
     PCBF: PCB in Fish Tissue
     PCBW: PCB in the Water Column
     PFOS-F: Perfluorooctane Sulfonate (PFOS) in Fish Tissue
     PFOS-W: Perfluorooctane Sulfonate (PFOS) in Water Column
     pH
     T: Turbidity
     TM: Temperature
     Toxaphene
     TSS: Total Suspended Solids

IMPAIR_PAR: Parameters listed in APPROVED and NEEDSPLN that cause the stream to be impaired.

NEW_2014: Parameters proposed to be listed for the first time in 2014.
   Values:
     Chlpyr: Chlorpyrifos
     CL-: Chloride
     DO: Dissolved Oxygen
     E.coli: Escherichia coli
     FC: Fecal Coliform
     F-IBI: Index of Biological Integrity - Fish
     M-IBI: Index of Biological Integrity - Macroinvertebrates
     NO3: Nitrates
     PFOS-W: Perfluorooctane Sulfonate (PFOS) in Water Column
     T: Turbidity

HUC8: The numeric code of the 8 digit Watershed Boundary Dataset (WBD) polygon that this waterbody is primarily associated with.

HUC8_NAME: The name of the DNR major watershed that this waterbody is primarily associated with.

HUC4: The numeric code of the 4 digit Watershed Boundary Dataset (WBD) polygon that this waterbody is primarily associated with.

BASIN: The name of the basin (HUC4) in which this waterbody is located.

ALL_COUNTIES: The name of the counties this waterbody intersects.

WDWMO_NAME: The name of Watershed District(s) or Watershed Management Organization(s) that intersect this waterbody.

WDWMO_TYPE: The type(s) of WDWMO that intersect this polygon.
     Values:
       COU: County
       WD: Watershed District
       WMO: Watershed Management Organization

Target start year fields:
     These fields indicate the target start year for a TMDL addressing their respective pollutants. The attribute also indicates cases with an approved TMDL or a natural background impairment.
     Fields:
          A:  Ammonia (Un-ionized)
          Arsenic
          Chloride
          Chlpyr: Chlorpyrifos
          DDT
          Dieldrin
          Dioxin
          DO: Dissolved Oxygen
          E_coli: Escherichia coli
          FC: Fecal Coliform
          F_IBI: Fish Index of Biological Integrity
          HgF: Mercury in Fish Tissue
          HgW: Mercury in the Water Column
          LCWA: Lack of a Cold Water Assemblage
          M_IBI: Macroinvertebrate Index of Biological Integrity
          NO3: Nitrates
          PCBF: PCB in Fish Tissue
          PCBW: PCB in Water Column
          PFOS_F: Perfluorooctane Sulfonate (PFOS) in Fish Tissue
          PFOS_W: Perfluorooctane Sulfonate (PFOS) in Water Column
          pH
          T: Turbidity
          TM: Temperature
          Toxaphene
          TSS: Total Suspended Solids
</eaover></overview></eainfo><dataqual><logic>These data have been audited to ensure every waterbody included in the draft 2014 list of impaired waters has a corresponding feature within this spatial dataset. Date of test: 11/25/2013</logic><complete>These data contain a feature for every waterbody in the draft impaired waters dataset. High-resolution NHD is the primary dataset from which these features are drawn. If no feature exists in the NHD, then a feature is digitized and added to NHD as a special feature.</complete><posacc><horizpa><horizpar>Statements of horizontal positional accuracy are based on accuracy statements made for U.S. Geological Survey topographic quadrangle maps.  These maps were compiled to meet National Map Accuracy Standards.  For horizontal accuracy, this standard is met if at least 90 percent of points tested are within 0.02 inch (at map scale) of the true position.  Additional offsets to positions may have been introduced where feature density is high to improve the legibility of map symbols.  In addition, the digitizing of maps is estimated to contain a horizontal positional error of less than or equal to 0.003 inch standard error (at map scale) in the two component directions relative to the source maps.  Visual comparison between the map graphic (including digital scans of the graphic) and plots or digital displays of points, lines, and areas, is used as control to assess the positional accuracy of digital data.  Digital map elements along the adjoining edges of data sets are aligned if they are within a 0.02 inch tolerance (at map scale).  Features with like dimensionality (for example, features that all are delineated with lines), with or without like characteristics, that are within the tolerance are aligned by moving the features equally to a common point. Features outside the tolerance are not moved; instead, a feature of type connector is added to join the features.
This statement is generally true for the most common sources of NHD data.  Other sources and methods may have been used to create or update NHD data.  In some cases, additional information may be available from the data provider upon request.</horizpar></horizpa></posacc><lineage><procstep><procdesc>The processes used to create and maintain high-resolution NHD data can be requested from MPCA. Because NHD data can be downloaded using several user-defined areas, the process descriptions can vary for each download.  The NHDMetadata table contains a list of all the process descriptions that apply to a particular download, and those descriptions can be associated with the impaired waters reaches by MPCA staff upon request. </procdesc></procstep></lineage></dataqual><distinfo><resdesc>Impaired Streams, Minnesota, 2014 (Final)</resdesc><distliab>NOTICE: The Geographic Information System (GIS) Data to which this notice is attached are made available pursuant to the Minnesota Government Data Practices Act (Minnesota Statutes Chapter 13). THE GIS DATA ARE PROVIDED TO YOU AS IS AND WITHOUT ANY WARRANTY AS TO THEIR PERFORMANCE, MERCHANTABILITY, OR FITNESS FOR ANY PARTICULAR PURPOSE. The GIS Data were developed by the Minnesota Pollution Control Agnecy for its own internal business purposes. The Minnesota Pollution Control Agency does not represent or warrant that the GIS Data or the data documentation are error-free, complete, current, or accurate. You are responsible for any consequences resulting from your use of the GIS Data or your reliance on the GIS Data. You should consult the data documentation for this particular GIS Data to determine the limitations of the GIS Data and the precision with which the GIS Data may depict distance, direction, location, or other geographic features. If you transmit or provide the GIS Data (or any portion of it) to another user, the GIS Data must include a copy of this disclaimer.</distliab><stdorder><ordering>These data may be requested from Kristofor Parson, Minnesota Pollution Control Agency.  </ordering></stdorder><distrib><cntinfo><cntperp><cntorg>Minnesota Pollution Control Agency</cntorg><cntper>Kristofor Parson</cntper></cntperp><cntpos>Data Specialist</cntpos><cntaddr><addrtype>mailing and physical</addrtype><address>525 S. Lake Ave.</address><city>Duluth</city><state>MN</state><postal>55802</postal></cntaddr><cntvoice>218-302-6622</cntvoice><cntemail>kristofor.parson@state.mn.us</cntemail></cntinfo></distrib></distinfo><metainfo><metd>20180529</metd><metstdn>Minnesota Geographic Metadata Guidelines</metstdn><metstdv>1.2</metstdv><metextns><onlink>http://www.gis.state.mn.us/stds/metadata.htm</onlink></metextns><metc><cntinfo><cntperp><cntorg>Minnesota Pollution Control Agency</cntorg><cntper>Kristofor Parson</cntper></cntperp><cntpos>Data Specialist</cntpos><cntaddr><addrtype>mailing and physical</addrtype><address>525 S. Lake Ave.</address><city>Duluth</city><state>MN</state><postal>55802</postal></cntaddr><cntvoice>218-302-6622</cntvoice><cntemail>kristofor.parson@state.mn.us</cntemail></cntinfo></metc></metainfo><Esri><CreaDate>20180606</CreaDate><CreaTime>10201400</CreaTime><ArcGISstyle>FGDC CSDGM Metadata</ArcGISstyle><SyncOnce>FALSE</SyncOnce><DataProperties><itemProps><itemLocation><linkage Sync="TRUE">file://\\W7-1685137\C$\workspace\impairedWaters\report_year_2014\env_impaired_final_2014\shapefiles\impaired_2014_streams_final.shp</linkage><protocol Sync="TRUE">Local Area Network</protocol></itemLocation><itemName Sync="TRUE">impaired_2014_streams_final</itemName><imsContentType Sync="TRUE">002</imsContentType><nativeExtBox><westBL Sync="TRUE">189777.150300</westBL><eastBL Sync="TRUE">727255.820700</eastBL><southBL Sync="TRUE">4816310.339700</southBL><northBL Sync="TRUE">5436176.488800</northBL><exTypeCode Sync="TRUE">1</exTypeCode></nativeExtBox><itemSize Sync="TRUE">18.483</itemSize></itemProps><copyHistory><copy source="C:\workspace\impairedWaters\report_year_2014\impaired_2014_streams_final" dest="\\W7-1685137\C$\workspace\impairedWaters\report_year_2014\env_impaired_final_2014\shapefiles\impaired_2014_streams_final" date="20180606" time="10201400" /></copyHistory><coordRef><type Sync="TRUE">Projected</type><geogcsn Sync="TRUE">GCS_North_American_1983</geogcsn><csUnits Sync="TRUE">Linear Unit: Meter (1.000000)</csUnits><projcsn Sync="TRUE">NAD_1983_UTM_Zone_15N</projcsn><peXml Sync="TRUE">&lt;ProjectedCoordinateSystem xsi:type='typens:ProjectedCoordinateSystem' xmlns:xsi='http://www.w3.org/2001/XMLSchema-instance' xmlns:xs='http://www.w3.org/2001/XMLSchema' xmlns:typens='http://www.esri.com/schemas/ArcGIS/10.4'&gt;&lt;WKT&gt;PROJCS[&amp;quot;NAD_1983_UTM_Zone_15N&amp;quot;,GEOGCS[&amp;quot;GCS_North_American_1983&amp;quot;,DATUM[&amp;quot;D_North_American_1983&amp;quot;,SPHEROID[&amp;quot;GRS_1980&amp;quot;,6378137.0,298.257222101]],PRIMEM[&amp;quot;Greenwich&amp;quot;,0.0],UNIT[&amp;quot;Degree&amp;quot;,0.0174532925199433]],PROJECTION[&amp;quot;Transverse_Mercator&amp;quot;],PARAMETER[&amp;quot;False_Easting&amp;quot;,500000.0],PARAMETER[&amp;quot;False_Northing&amp;quot;,0.0],PARAMETER[&amp;quot;Central_Meridian&amp;quot;,-93.0],PARAMETER[&amp;quot;Scale_Factor&amp;quot;,0.9996],PARAMETER[&amp;quot;Latitude_Of_Origin&amp;quot;,0.0],UNIT[&amp;quot;Meter&amp;quot;,1.0],AUTHORITY[&amp;quot;EPSG&amp;quot;,26915]]&lt;/WKT&gt;&lt;XOrigin&gt;-5120900&lt;/XOrigin&gt;&lt;YOrigin&gt;-9998100&lt;/YOrigin&gt;&lt;XYScale&gt;450445547.3910538&lt;/XYScale&gt;&lt;ZOrigin&gt;-100000&lt;/ZOrigin&gt;&lt;ZScale&gt;10000&lt;/ZScale&gt;&lt;MOrigin&gt;-100000&lt;/MOrigin&gt;&lt;MScale&gt;10000&lt;/MScale&gt;&lt;XYTolerance&gt;0.001&lt;/XYTolerance&gt;&lt;ZTolerance&gt;0.001&lt;/ZTolerance&gt;&lt;MTolerance&gt;0.001&lt;/MTolerance&gt;&lt;HighPrecision&gt;true&lt;/HighPrecision&gt;&lt;WKID&gt;26915&lt;/WKID&gt;&lt;LatestWKID&gt;26915&lt;/LatestWKID&gt;&lt;/ProjectedCoordinateSystem&gt;</peXml></coordRef></DataProperties><SyncDate>20180606</SyncDate><SyncTime>10512500</SyncTime><ModDate>20180606</ModDate><ModTime>10514500</ModTime><scaleRange><minScale>150000000</minScale><maxScale>5000</maxScale></scaleRange><ArcGISProfile>FGDC</ArcGISProfile></Esri><spref><horizsys><planar><planci><plandu>meters</plandu></planci></planar><geodetic><horizdn>NAD83</horizdn><ellips>GRS80</ellips></geodetic></horizsys></spref><dataIdInfo><envirDesc Sync="TRUE">Microsoft Windows 7 Version 6.1 (Build 7601) Service Pack 1; Esri ArcGIS 10.4.1.5686</envirDesc><dataLang><languageCode value="eng" Sync="TRUE" /><countryCode value="USA" Sync="TRUE" /></dataLang><idCitation><resTitle Sync="FALSE">Impaired Streams, Minnesota, 2014 (Final)</resTitle><presForm><PresFormCd value="005" Sync="TRUE" /></presForm></idCitation><spatRpType><SpatRepTypCd value="001" Sync="TRUE" /></spatRpType><dataExt><geoEle xmlns=""><GeoBndBox esriExtentType="search"><exTypeCode Sync="TRUE">1</exTypeCode><westBL Sync="TRUE">-97.241921</westBL><eastBL Sync="TRUE">-89.890484</eastBL><northBL Sync="TRUE">49.078448</northBL><southBL Sync="TRUE">43.435430</southBL></GeoBndBox></geoEle></dataExt><idPurp>These data are intended to be used for planning, informational, and cartographic purposes related to surface water quality in Minnesota.</idPurp><idAbs>&lt;DIV STYLE="text-align:Left;"&gt;&lt;DIV&gt;&lt;P&gt;&lt;SPAN&gt;This is a draft set of the impaired streams as determined by MPCA's surface water quality assessment process in 2012 and 2013 for the 2014 reporting cycling to US Environmental Protection Agency (EPA). Streams declared impaired prior to 2012 are also included in this dataset unless they have been delisted. Impairments on waterbodies included in the dataset were approved by EPA on May 29th, 2018. These streams are a subset and enhancement of the 1:24,000 scale National Hydrography Dataset (NHD). In cases where the NHD does not include a stream reach that MPCA has assessed, a feature is added by MPCA. Since the impaired streams are a small subset of the NHD, only that subset is included in the dataset. This dataset includes impaired streams which have not yet had a TMDL plan approved by the US EPA, those that have a US EPA approved TMDL plan as well as those waters that do not need a TMDL plan.&lt;/SPAN&gt;&lt;/P&gt;&lt;/DIV&gt;&lt;/DIV&gt;</idAbs><searchKeys><keyword>inlandWaters</keyword><keyword>surface water</keyword><keyword>water chemistry</keyword><keyword>water quality</keyword></searchKeys></dataIdInfo><mdLang><languageCode value="eng" Sync="TRUE" /><countryCode value="USA" Sync="TRUE" /></mdLang><distInfo><distFormat><formatName Sync="TRUE">Shapefile</formatName></distFormat><distTranOps><transSize Sync="TRUE">18.483</transSize></distTranOps></distInfo><mdHrLv><ScopeCd value="005" Sync="TRUE" /></mdHrLv><mdHrLvName Sync="TRUE">dataset</mdHrLvName><refSysInfo><RefSystem><refSysID><identCode code="26915" Sync="TRUE" /><idCodeSpace Sync="TRUE">EPSG</idCodeSpace><idVersion Sync="TRUE">6.13(3.0.1)</idVersion></refSysID></RefSystem></refSysInfo><spatRepInfo><VectSpatRep><geometObjs Name="impaired_2014_streams_final"><geoObjTyp><GeoObjTypCd value="002" Sync="TRUE" /></geoObjTyp><geoObjCnt Sync="TRUE">1268</geoObjCnt></geometObjs><topLvl><TopoLevCd value="001" Sync="TRUE" /></topLvl></VectSpatRep></spatRepInfo><spdoinfo><ptvctinf><esriterm Name="impaired_2014_streams_final"><efeatyp Sync="TRUE">Simple</efeatyp><efeageom code="3" Sync="TRUE" /><esritopo Sync="TRUE">FALSE</esritopo><efeacnt Sync="TRUE">1268</efeacnt><spindex Sync="TRUE">TRUE</spindex><linrefer Sync="TRUE">FALSE</linrefer></esriterm></ptvctinf></spdoinfo><mdDateSt Sync="TRUE">20180606</mdDateSt></metadata>