<metadata>
	<eainfo>
		<overview>
			<eaover>All lakes contained in this shapefile are on the proposed 2018 Impaired Waters list prepared by the Minnesota Pollution Control Agency.

AUID: Assessment Unit ID, a waterbody identifer based on the MN DNR lake ID. This AUID constitutes a unique identifer for each lake in the dataset.

CAT: EPA Consolidation Assessment and Listing Methodology [CALM] category, which integrates the 305(b) Report with the 303(d) TMDL List.
The five categories in CALM are as follows:
Category 1: all designated uses are meeting water quality standards
Category 2: some uses are meeting water quality standards and there are insufficient data to assess other uses
Category 3: there are insufficient data to assess any uses
Category 4: at least one use is impaired, but a TMDL is not required.
Category 5: at least one use is impaired and a TMDL is required. These become the List of impaired waters.

A lake can only be placed into one Category. For example, if a lake is impaired for one pollutant but the other uses are being met, and a TMDL is required, that lake would be placed into Category 5. Furthermore, if the lake is impaired for more than one pollutant, the lake must stay in Category 5 until ALL pollutants have EPA-approved TMDL plans.

For 'bookkeeping' purposes Category 4 can be sub-divided, and has the following five sub-categories:
4A: Impaired, but a TMDL study has been approved by EPA
4B: Impaired, but a TMDL study is not required because water quality standards are expected to be met in the near future
4C: Impaired, but a TMDL study is not required because the impairment is not caused by a pollutant
4D: An assessment unit is impaired or threatened but doesn't require a TMDL because the impairment is due to natural conditions with only insignificant anthropogenic influence. To be considered 'insignificant', the elimination of the anthropogenic influence would not lead to the attainment of water quality standards and it would not be included in formal pollution reduction goal-setting activities. A reach-specific water quality standard based on local natural conditions has yet to be determined. Upon determination, the assessment unit will be considered non-impaired for the natural conditions and re-categorized to an appropriate category.
4E: Impaired or threatened but existing data indicates a TMDL is not required because impairment is solely a result of natural sources; a final determination of Category 4D will be made in the next assessment cycle pending confirmation from additional information (i.e. water quality or land use).


NAME: Name of the lake associated with the AUID.

REACH_DESC: The description of the lake's location.

USE_CLASS: Use class per MN Statute 7050.0470.

AREA_ACRES: The area, in acres of the lake (assessment unit).

AFFECTED_U(SE): Impaired Use(s)
Possible Values:
AQL: Aquatic Life
AQR: Aquatic Recreation
AQC: Aquatic Consumption
DW: Drinking Water
LRV: Limited Resource Value

Impairment Fields
The following 8 fields contain parameters for which the waterbody is impaired. A complete list of parameter abreviations and their associated pollutants can be found below, in the Year First Listed portion of the metadata document.

LIKE_MEET: Parameter(s) not requiring a TMDL because they meet the requirements for CALM Category 4B, above.

NON_POLL:  Parameter(s) not requiring a TMDL because they meet the requirements for CALM Category 4C, above.

NAT_BACK:  Parameter(s) not requiring a TMDL because they meet the requirements for CALM Category 4D, above.

ADD_MON:  Parameter(s) not requiring a TMDL because they meet the requirements for CALM Category 4E, above.

APPROVED: The parameter(s) for which TMDL plans have been approved (CALM Category 4A) .

NEEDS_PLN: The pollutant(s) for which TMDL plans must be developed and approved.

IMP_PARAM(ETERS): Parameters listed in APPROVED and NEEDS_PLN that cause the stream to be impaired.

NEW_IMPAIR(MENTS): Parameters proposed to be listed for the first time in the reporting cycle of the dataset.

Potential values for impairment parameters in the above fields:

Amm-U: Ammonia, unionized
As: Arsenic
Cl-: Chloride
FishesBio: Fishes bioassessments
Hg-F: Mercury in fish tissue
Hg-W: Mercury in water column
Nutrients: Nutrient/eutrophication biological indicators
PCB-F: PCB in fish tissue
PFOS-F: Perfluorooctane Sulfonate (PFOS) in fish tissue

HUC_8: The numeric code of the 8 digit Watershed Boundary Dataset (WBD) polygon that this waterbody is primarily associated with.

HUC_8_NAME: The name of the DNR major watershed that this waterbody is primarily associated with.

HUC_4: The numeric code of the 4 digit Watershed Boundary Dataset (WBD) polygon that this waterbody is primarily associated with.

BASIN: The name of the basin (HUC4) in which this waterbody is located.

COUNTY: The name of the county that the majority of this waterbody, or the sampling sites, intersects.

TRIBAL_INT: Values include None, Partially, and Wholly. Depicts the intersection relationship between the waterbody and Indian reservations.

INDIAN_RES: The name of the tribe who's land the waterbody intersects.


Target start year fields:
These fields indicate the target start year for a TMDL addressing their respective pollutants:

Fields:
AMMONIA
CHLORIDE
FISHESBIO: Fish Index of Biological Integrity
HG_F: Mercury in Fish Tissue
HG_W: Mercury in the Water Column
NUTRIENTS: Nutrient/eutrophication biological indicators
PCB_F: PCB in Fish Tissue
PFOS_F: Perfluorooctane Sulfonate (PFOS) in Fish Tissue</eaover>
		</overview>
		<detailed Name="impaired_2018_lakes_partiallywithinreservation">
			<enttyp>
				<enttypl Sync="TRUE">impaired_2018_lakes_partiallywithinreservation</enttypl>
				<enttypt Sync="TRUE">Feature Class</enttypt>
				<enttypc Sync="TRUE">0</enttypc>
			</enttyp>
			<attr>
				<attrlabl Sync="TRUE">FID</attrlabl>
				<attalias Sync="TRUE">FID</attalias>
				<attrtype Sync="TRUE">OID</attrtype>
				<attwidth Sync="TRUE">4</attwidth>
				<atprecis Sync="TRUE">0</atprecis>
				<attscale Sync="TRUE">0</attscale>
				<attrdef Sync="TRUE">Internal feature number.</attrdef>
				<attrdefs Sync="TRUE">Esri</attrdefs>
				<attrdomv>
					<udom Sync="TRUE">Sequential unique whole numbers that are automatically generated.</udom>
				</attrdomv>
			</attr>
			<attr>
				<attrlabl Sync="TRUE">Shape</attrlabl>
				<attalias Sync="TRUE">Shape</attalias>
				<attrtype Sync="TRUE">Geometry</attrtype>
				<attwidth Sync="TRUE">0</attwidth>
				<atprecis Sync="TRUE">0</atprecis>
				<attscale Sync="TRUE">0</attscale>
				<attrdef Sync="TRUE">Feature geometry.</attrdef>
				<attrdefs Sync="TRUE">Esri</attrdefs>
				<attrdomv>
					<udom Sync="TRUE">Coordinates defining the features.</udom>
				</attrdomv>
			</attr>
			<attr>
				<attrlabl Sync="TRUE">AUID</attrlabl>
				<attalias Sync="TRUE">AUID</attalias>
				<attrtype Sync="TRUE">String</attrtype>
				<attwidth Sync="TRUE">100</attwidth>
				<atprecis Sync="TRUE">0</atprecis>
				<attscale Sync="TRUE">0</attscale>
			</attr>
			<attr>
				<attrlabl Sync="TRUE">CAT</attrlabl>
				<attalias Sync="TRUE">CAT</attalias>
				<attrtype Sync="TRUE">String</attrtype>
				<attwidth Sync="TRUE">4</attwidth>
				<atprecis Sync="TRUE">0</atprecis>
				<attscale Sync="TRUE">0</attscale>
			</attr>
			<attr>
				<attrlabl Sync="TRUE">CAT_DESC</attrlabl>
				<attalias Sync="TRUE">CAT_DESC</attalias>
				<attrtype Sync="TRUE">String</attrtype>
				<attwidth Sync="TRUE">254</attwidth>
				<atprecis Sync="TRUE">0</atprecis>
				<attscale Sync="TRUE">0</attscale>
			</attr>
			<attr>
				<attrlabl Sync="TRUE">NAME</attrlabl>
				<attalias Sync="TRUE">NAME</attalias>
				<attrtype Sync="TRUE">String</attrtype>
				<attwidth Sync="TRUE">100</attwidth>
				<atprecis Sync="TRUE">0</atprecis>
				<attscale Sync="TRUE">0</attscale>
			</attr>
			<attr>
				<attrlabl Sync="TRUE">REACH_DESC</attrlabl>
				<attalias Sync="TRUE">REACH_DESC</attalias>
				<attrtype Sync="TRUE">String</attrtype>
				<attwidth Sync="TRUE">120</attwidth>
				<atprecis Sync="TRUE">0</atprecis>
				<attscale Sync="TRUE">0</attscale>
			</attr>
			<attr>
				<attrlabl Sync="TRUE">USE_CLASS</attrlabl>
				<attalias Sync="TRUE">USE_CLASS</attalias>
				<attrtype Sync="TRUE">String</attrtype>
				<attwidth Sync="TRUE">15</attwidth>
				<atprecis Sync="TRUE">0</atprecis>
				<attscale Sync="TRUE">0</attscale>
			</attr>
			<attr>
				<attrlabl Sync="TRUE">AREA_ACRES</attrlabl>
				<attalias Sync="TRUE">AREA_ACRES</attalias>
				<attrtype Sync="TRUE">Single</attrtype>
				<attwidth Sync="TRUE">13</attwidth>
				<atprecis Sync="TRUE">0</atprecis>
				<attscale Sync="TRUE">0</attscale>
			</attr>
			<attr>
				<attrlabl Sync="TRUE">AFFECTED_U</attrlabl>
				<attalias Sync="TRUE">AFFECTED_U</attalias>
				<attrtype Sync="TRUE">String</attrtype>
				<attwidth Sync="TRUE">254</attwidth>
				<atprecis Sync="TRUE">0</atprecis>
				<attscale Sync="TRUE">0</attscale>
			</attr>
			<attr>
				<attrlabl Sync="TRUE">LIKE_MEET</attrlabl>
				<attalias Sync="TRUE">LIKE_MEET</attalias>
				<attrtype Sync="TRUE">String</attrtype>
				<attwidth Sync="TRUE">254</attwidth>
				<atprecis Sync="TRUE">0</atprecis>
				<attscale Sync="TRUE">0</attscale>
			</attr>
			<attr>
				<attrlabl Sync="TRUE">NON_POLL</attrlabl>
				<attalias Sync="TRUE">NON_POLL</attalias>
				<attrtype Sync="TRUE">String</attrtype>
				<attwidth Sync="TRUE">254</attwidth>
				<atprecis Sync="TRUE">0</atprecis>
				<attscale Sync="TRUE">0</attscale>
			</attr>
			<attr>
				<attrlabl Sync="TRUE">NAT_BACK</attrlabl>
				<attalias Sync="TRUE">NAT_BACK</attalias>
				<attrtype Sync="TRUE">String</attrtype>
				<attwidth Sync="TRUE">254</attwidth>
				<atprecis Sync="TRUE">0</atprecis>
				<attscale Sync="TRUE">0</attscale>
			</attr>
			<attr>
				<attrlabl Sync="TRUE">ADD_MON</attrlabl>
				<attalias Sync="TRUE">ADD_MON</attalias>
				<attrtype Sync="TRUE">String</attrtype>
				<attwidth Sync="TRUE">254</attwidth>
				<atprecis Sync="TRUE">0</atprecis>
				<attscale Sync="TRUE">0</attscale>
			</attr>
			<attr>
				<attrlabl Sync="TRUE">APPROVED</attrlabl>
				<attalias Sync="TRUE">APPROVED</attalias>
				<attrtype Sync="TRUE">String</attrtype>
				<attwidth Sync="TRUE">254</attwidth>
				<atprecis Sync="TRUE">0</atprecis>
				<attscale Sync="TRUE">0</attscale>
			</attr>
			<attr>
				<attrlabl Sync="TRUE">NEEDS_PLN</attrlabl>
				<attalias Sync="TRUE">NEEDS_PLN</attalias>
				<attrtype Sync="TRUE">String</attrtype>
				<attwidth Sync="TRUE">254</attwidth>
				<atprecis Sync="TRUE">0</atprecis>
				<attscale Sync="TRUE">0</attscale>
			</attr>
			<attr>
				<attrlabl Sync="TRUE">IMP_PARAM</attrlabl>
				<attalias Sync="TRUE">IMP_PARAM</attalias>
				<attrtype Sync="TRUE">String</attrtype>
				<attwidth Sync="TRUE">254</attwidth>
				<atprecis Sync="TRUE">0</atprecis>
				<attscale Sync="TRUE">0</attscale>
			</attr>
			<attr>
				<attrlabl Sync="TRUE">NEW_IMPAIR</attrlabl>
				<attalias Sync="TRUE">NEW_IMPAIR</attalias>
				<attrtype Sync="TRUE">String</attrtype>
				<attwidth Sync="TRUE">254</attwidth>
				<atprecis Sync="TRUE">0</atprecis>
				<attscale Sync="TRUE">0</attscale>
			</attr>
			<attr>
				<attrlabl Sync="TRUE">HUC_8</attrlabl>
				<attalias Sync="TRUE">HUC_8</attalias>
				<attrtype Sync="TRUE">String</attrtype>
				<attwidth Sync="TRUE">8</attwidth>
				<atprecis Sync="TRUE">0</atprecis>
				<attscale Sync="TRUE">0</attscale>
			</attr>
			<attr>
				<attrlabl Sync="TRUE">HUC_8_NAME</attrlabl>
				<attalias Sync="TRUE">HUC_8_NAME</attalias>
				<attrtype Sync="TRUE">String</attrtype>
				<attwidth Sync="TRUE">50</attwidth>
				<atprecis Sync="TRUE">0</atprecis>
				<attscale Sync="TRUE">0</attscale>
			</attr>
			<attr>
				<attrlabl Sync="TRUE">HUC_4</attrlabl>
				<attalias Sync="TRUE">HUC_4</attalias>
				<attrtype Sync="TRUE">String</attrtype>
				<attwidth Sync="TRUE">4</attwidth>
				<atprecis Sync="TRUE">0</atprecis>
				<attscale Sync="TRUE">0</attscale>
			</attr>
			<attr>
				<attrlabl Sync="TRUE">BASIN</attrlabl>
				<attalias Sync="TRUE">BASIN</attalias>
				<attrtype Sync="TRUE">String</attrtype>
				<attwidth Sync="TRUE">40</attwidth>
				<atprecis Sync="TRUE">0</atprecis>
				<attscale Sync="TRUE">0</attscale>
			</attr>
			<attr>
				<attrlabl Sync="TRUE">COUNTY</attrlabl>
				<attalias Sync="TRUE">COUNTY</attalias>
				<attrtype Sync="TRUE">String</attrtype>
				<attwidth Sync="TRUE">30</attwidth>
				<atprecis Sync="TRUE">0</atprecis>
				<attscale Sync="TRUE">0</attscale>
			</attr>
			<attr>
				<attrlabl Sync="TRUE">TRIBAL_INT</attrlabl>
				<attalias Sync="TRUE">TRIBAL_INT</attalias>
				<attrtype Sync="TRUE">String</attrtype>
				<attwidth Sync="TRUE">9</attwidth>
				<atprecis Sync="TRUE">0</atprecis>
				<attscale Sync="TRUE">0</attscale>
			</attr>
			<attr>
				<attrlabl Sync="TRUE">INDIAN_RES</attrlabl>
				<attalias Sync="TRUE">INDIAN_RES</attalias>
				<attrtype Sync="TRUE">String</attrtype>
				<attwidth Sync="TRUE">100</attwidth>
				<atprecis Sync="TRUE">0</atprecis>
				<attscale Sync="TRUE">0</attscale>
			</attr>
			<attr>
				<attrlabl Sync="TRUE">AMMONIA</attrlabl>
				<attalias Sync="TRUE">AMMONIA</attalias>
				<attrtype Sync="TRUE">Single</attrtype>
				<attwidth Sync="TRUE">13</attwidth>
				<atprecis Sync="TRUE">0</atprecis>
				<attscale Sync="TRUE">0</attscale>
			</attr>
			<attr>
				<attrlabl Sync="TRUE">CHLORIDE</attrlabl>
				<attalias Sync="TRUE">CHLORIDE</attalias>
				<attrtype Sync="TRUE">Single</attrtype>
				<attwidth Sync="TRUE">13</attwidth>
				<atprecis Sync="TRUE">0</atprecis>
				<attscale Sync="TRUE">0</attscale>
			</attr>
			<attr>
				<attrlabl Sync="TRUE">FISHESBIO</attrlabl>
				<attalias Sync="TRUE">FISHESBIO</attalias>
				<attrtype Sync="TRUE">Single</attrtype>
				<attwidth Sync="TRUE">13</attwidth>
				<atprecis Sync="TRUE">0</atprecis>
				<attscale Sync="TRUE">0</attscale>
			</attr>
			<attr>
				<attrlabl Sync="TRUE">HG_F</attrlabl>
				<attalias Sync="TRUE">HG_F</attalias>
				<attrtype Sync="TRUE">Single</attrtype>
				<attwidth Sync="TRUE">13</attwidth>
				<atprecis Sync="TRUE">0</atprecis>
				<attscale Sync="TRUE">0</attscale>
			</attr>
			<attr>
				<attrlabl Sync="TRUE">HG_W</attrlabl>
				<attalias Sync="TRUE">HG_W</attalias>
				<attrtype Sync="TRUE">Single</attrtype>
				<attwidth Sync="TRUE">13</attwidth>
				<atprecis Sync="TRUE">0</atprecis>
				<attscale Sync="TRUE">0</attscale>
			</attr>
			<attr>
				<attrlabl Sync="TRUE">NUTRIENTS</attrlabl>
				<attalias Sync="TRUE">NUTRIENTS</attalias>
				<attrtype Sync="TRUE">Single</attrtype>
				<attwidth Sync="TRUE">13</attwidth>
				<atprecis Sync="TRUE">0</atprecis>
				<attscale Sync="TRUE">0</attscale>
			</attr>
			<attr>
				<attrlabl Sync="TRUE">PCB_F</attrlabl>
				<attalias Sync="TRUE">PCB_F</attalias>
				<attrtype Sync="TRUE">Single</attrtype>
				<attwidth Sync="TRUE">13</attwidth>
				<atprecis Sync="TRUE">0</atprecis>
				<attscale Sync="TRUE">0</attscale>
			</attr>
			<attr>
				<attrlabl Sync="TRUE">PFOS_F</attrlabl>
				<attalias Sync="TRUE">PFOS_F</attalias>
				<attrtype Sync="TRUE">Single</attrtype>
				<attwidth Sync="TRUE">13</attwidth>
				<atprecis Sync="TRUE">0</atprecis>
				<attscale Sync="TRUE">0</attscale>
			</attr>
			<attr>
				<attrlabl Sync="TRUE">Shape_Leng</attrlabl>
				<attalias Sync="TRUE">Shape_Leng</attalias>
				<attrtype Sync="TRUE">Double</attrtype>
				<attwidth Sync="TRUE">19</attwidth>
				<atprecis Sync="TRUE">0</atprecis>
				<attscale Sync="TRUE">0</attscale>
			</attr>
			<attr>
				<attrlabl Sync="TRUE">Shape_Area</attrlabl>
				<attalias Sync="TRUE">Shape_Area</attalias>
				<attrtype Sync="TRUE">Double</attrtype>
				<attwidth Sync="TRUE">19</attwidth>
				<atprecis Sync="TRUE">0</atprecis>
				<attscale Sync="TRUE">0</attscale>
				<attrdef Sync="TRUE">Area of feature in internal units squared.</attrdef>
				<attrdefs Sync="TRUE">Esri</attrdefs>
				<attrdomv>
					<udom Sync="TRUE">Positive real numbers that are automatically generated.</udom>
				</attrdomv>
			</attr>
		</detailed>
	</eainfo>
	<idinfo>
		<citation>
			<citeinfo>
				<origin>Minnesota Pollution Control Agency</origin>
				<title>Impaired Lakes Partially Within Reservations, Minnesota, 2018 (Final)</title>
				<pubinfo>
					<publish>Minnesota Pollution Control Agency</publish>
				</pubinfo>
				<pubdate>20190206</pubdate>
				<onlink>None available</onlink>
			</citeinfo>
		</citation>
		<descript>
			<abstract>This is a set of impaired lakes as determined by MPCA's surface water quality assessment process proposed for the 2018 reporting cycle to US Environmental Protection Agency (EPA). Lakes declared impaired prior to 2018 are also included in this dataset unless they have been delisted. EPA approved the data without requesting any changes in January, 2019. 

Note that for the purpose of submitting the impaired waters list to EPA, waterbodies partially or wholly within Indian reservation boundaries are published in separate datasets. The MPCA still considers these waters impaired and has an interest in restoring them. The MPCA respectfully requests that the waters partially or wholly within Indian reservations be symbolized differently on map products so that viewers can differentiate them from waters not intersecting Indian reservations.

These lakes are a subset and enhancement of the 1:24,000 scale National Hydrography Dataset (NHD). In cases where the NHD does not include lakes that MPCA has assessed, additional lakes from the MN Department of Natural Resources (DNR) Division of Waters lakes database are added. Since the impaired lakes are a small subset of the NHD and DNR lakes, only that subset is included in the dataset. This dataset includes impaired lakes which have not yet had a TMDL plan approved by the US EPA, those that have a US EPA approved TMDL plan as well as those lakes that do not need a TMDL plan.

To be notified of updates to this shapefile, please send an email to kristofor.parson@state.mn.us</abstract>
			<purpose>These data are intended to be used for planning, informational, and cartographic purposes related to surface water quality in Minnesota.</purpose>
			<supplinf>State of Minnesota</supplinf>
		</descript>
		<crossref>
			<citeinfo>
				<title>Detailed information regarding the impaired waterbodies is available in spreadsheet form here: http://www.pca.state.mn.us/index.php/view-document.html?gid=20205</title>
			</citeinfo>
		</crossref>
		<timeperd>
			<current>These data reflect the state of the MPCA's surface water assessment database as of the dataset publication date.</current>
			<timeinfo>
				<sngdate>
					<caldate>20190206</caldate>
				</sngdate>
			</timeinfo>
		</timeperd>
		<status>
			<progress>Complete</progress>
			<update>None Planned</update>
		</status>
		<accconst>None</accconst>
		<keywords>
			<place>
				<placekey>Minnesota</placekey>
			</place>
			<theme>
				<themekt>ISO 19115</themekt>
				<themekey>inlandWaters, surface water, water chemistry, water quality</themekey>
			</theme>
		</keywords>
		<ptcontac>
			<cntinfo>
				<cntperp>
					<cntorg>Minnesota Pollution Control Agency</cntorg>
					<cntper>Kristofor Parson</cntper>
				</cntperp>
				<cntpos>Data Specialist</cntpos>
				<cntaddr>
					<addrtype>Mailing and Physical</addrtype>
					<address>525 S. Lake Ave.</address>
					<city>Duluth</city>
					<state>MN</state>
					<postal>55802</postal>
				</cntaddr>
				<cntvoice>218-302-6622</cntvoice>
				<cntemail>kristofor.parson@state.mn.us</cntemail>
			</cntinfo>
		</ptcontac>
	</idinfo>
	<metainfo>
		<metd>20190206</metd>
		<metstdn>Minnesota Geographic Metadata Guidelines</metstdn>
		<metstdv>1.2</metstdv>
		<metextns>
			<onlink>http://www.mngeo.state.mn.us/committee/standards/mgmg/metadata.htm</onlink>
		</metextns>
		<metc>
			<cntinfo>
				<cntperp>
					<cntorg>Minnesota Pollution Control Agency</cntorg>
					<cntper>Kristofor Parson</cntper>
				</cntperp>
				<cntpos>Data Specialist</cntpos>
				<cntaddr>
					<addrtype>mailing and physical</addrtype>
					<address>525 S. Lake Ave.</address>
					<city>Duluth</city>
					<state>MN</state>
					<postal>55802</postal>
				</cntaddr>
				<cntvoice>218-302-6622</cntvoice>
				<cntemail>kristofor.parson@state.mn.us</cntemail>
			</cntinfo>
		</metc>
	</metainfo>
	<distinfo>
		<resdesc>Impaired Lakes Partially Within Reservations, Minnesota, 2018 (Final)</resdesc>
		<distliab>NOTICE: The Geographic Information System (GIS) Data to which this notice is attached are made available pursuant to the Minnesota Government Data Practices Act (Minnesota Statutes Chapter 13). THE GIS DATA ARE PROVIDED TO YOU AS IS AND WITHOUT ANY WARRANTY AS TO THEIR PERFORMANCE, MERCHANTABILITY, OR FITNESS FOR ANY PARTICULAR PURPOSE. The GIS Data were developed by the Minnesota Pollution Control Agnecy for its own internal business purposes. The Minnesota Pollution Control Agency does not represent or warrant that the GIS Data or the data documentation are error-free, complete, current, or accurate. You are responsible for any consequences resulting from your use of the GIS Data or your reliance on the GIS Data. You should consult the data documentation for this particular GIS Data to determine the limitations of the GIS Data and the precision with which the GIS Data may depict distance, direction, location, or other geographic features. If you transmit or provide the GIS Data (or any portion of it) to another user, the GIS Data must include a copy of this disclaimer.</distliab>
		<stdorder>
			<ordering>These data may be requested from Kristofor Parson, MN.IT via email at kristofor.parson@state.mn.us. </ordering>
		</stdorder>
		<distrib>
			<cntinfo>
				<cntperp>
					<cntorg>Minnesota Pollution Control Agency</cntorg>
					<cntper>Kristofor Parson</cntper>
				</cntperp>
				<cntpos>Data Specialist</cntpos>
				<cntaddr>
					<addrtype>mailing and physical</addrtype>
					<address>525 S. Lake Ave.</address>
					<city>Duluth</city>
					<state>MN</state>
					<postal>55802</postal>
				</cntaddr>
				<cntvoice>218-302-6622</cntvoice>
				<cntemail>kristofor.parson@state.mn.us</cntemail>
			</cntinfo>
		</distrib>
	</distinfo>
	<dataqual>
		<logic>These data have been audited to ensure every waterbody included in the draft 2018 list of impaired waters has a corresponding feature within this spatial dataset. Date of test: 4/3/2018</logic>
		<complete>These data contain a feature for every waterbody in the draft impaired waters dataset. High-resolution NHD is the primary dataset from which these features are drawn. If no feature exists in the NHD, the MN DNR division of waters lakes database is the source.</complete>
		<posacc>
			<horizpa>
				<horizpar>Statements of horizontal positional accuracy are based on accuracy statements made for U.S. Geological Survey topographic quadrangle maps. These maps were compiled to meet National Map Accuracy Standards. For horizontal accuracy, this standard is met if at least 90 percent of points tested are within 0.02 inch (at map scale) of the true position. Additional offsets to positions may have been introduced where feature density is high to improve the legibility of map symbols. In addition, the digitizing of maps is estimated to contain a horizontal positional error of less than or equal to 0.003 inch standard error (at map scale) in the two component directions relative to the source maps. Visual comparison between the map graphic (including digital scans of the graphic) and plots or digital displays of points, lines, and areas, is used as control to assess the positional accuracy of digital data. Digital map elements along the adjoining edges of data sets are aligned if they are within a 0.02 inch tolerance (at map scale). Features with like dimensionality (for example, features that all are delineated with lines), with or without like characteristics, that are within the tolerance are aligned by moving the features equally to a common point. Features outside the tolerance are not moved; instead, a feature of type connector is added to join the features.
This statement is generally true for the most common sources of NHD data. Other sources and methods may have been used to create or update NHD data. In some cases, additional information may be available from the data provider upon request.</horizpar>
			</horizpa>
		</posacc>
		<lineage>
			<procstep>
				<procdesc>The processes used to create and maintain high-resolution NHD data can be requested from MPCA. Because NHD data can be downloaded using several user-defined areas, the process descriptions can vary for each download. The NHDMetadata table contains a list of all the process descriptions that apply to a particular download, and those descriptions can be associated with the impaired waters polygons by MPCA staff upon request. MN DNR lake polygons are maintained to meet DNR business requirements, however, MPCA makes requests for DNR to add lakes to thier lakes DB for cases where MCPA monitors a waterbody that does not have an existing DNR feature. For information on specific polygons contact MPCA.</procdesc>
			</procstep>
		</lineage>
	</dataqual>
	<Esri>
		<CreaDate>20171114</CreaDate>
		<CreaTime>16283500</CreaTime>
		<ArcGISstyle>FGDC CSDGM Metadata</ArcGISstyle>
		<SyncOnce>FALSE</SyncOnce>
		<DataProperties>
			<itemProps>
				<itemLocation>
					<linkage Sync="TRUE">file://\\g46palgdrftp001\Z\var\ftp\gdrs_temp\update\us_mn_state_pca\env_impaired_water_2018\shp\impaired_2018_lakes_partiallywithinreservation.shp</linkage>
					<protocol Sync="TRUE">Local Area Network</protocol>
				</itemLocation>
				<itemName Sync="TRUE">impaired_2018_lakes_partiallywithinreservation</itemName>
				<imsContentType Sync="TRUE">002</imsContentType>
				<itemSize Sync="TRUE">0.000</itemSize>
			</itemProps>
			<copyHistory>
				<copy source="C:\workspace\impairedWaters\report_year_2018\archive\draft_version_1\metadata\impaired_2018_draft_lakes_partiallywithinreservation.shp" dest="\\X1600-1\GISlib\Projects\KParson\data\mpca\impairedWaters\report_year_2018_draft\env_impaired_draft_water_2018\metadata\impaired_2018_draft_lakes_partiallywithinreservation.shp" date="20171114" time="16283500"/>
			</copyHistory>
			<coordRef>
				<type Sync="TRUE">Projected</type>
				<geogcsn Sync="TRUE">GCS_North_American_1983</geogcsn>
				<csUnits Sync="TRUE">Linear Unit: Meter (1.000000)</csUnits>
				<projcsn Sync="TRUE">NAD_1983_UTM_Zone_15N</projcsn>
				<peXml Sync="TRUE">&lt;ProjectedCoordinateSystem xsi:type='typens:ProjectedCoordinateSystem' xmlns:xsi='http://www.w3.org/2001/XMLSchema-instance' xmlns:xs='http://www.w3.org/2001/XMLSchema' xmlns:typens='http://www.esri.com/schemas/ArcGIS/10.4'&gt;&lt;WKT&gt;PROJCS[&amp;quot;NAD_1983_UTM_Zone_15N&amp;quot;,GEOGCS[&amp;quot;GCS_North_American_1983&amp;quot;,DATUM[&amp;quot;D_North_American_1983&amp;quot;,SPHEROID[&amp;quot;GRS_1980&amp;quot;,6378137.0,298.257222101]],PRIMEM[&amp;quot;Greenwich&amp;quot;,0.0],UNIT[&amp;quot;Degree&amp;quot;,0.0174532925199433]],PROJECTION[&amp;quot;Transverse_Mercator&amp;quot;],PARAMETER[&amp;quot;False_Easting&amp;quot;,500000.0],PARAMETER[&amp;quot;False_Northing&amp;quot;,0.0],PARAMETER[&amp;quot;Central_Meridian&amp;quot;,-93.0],PARAMETER[&amp;quot;Scale_Factor&amp;quot;,0.9996],PARAMETER[&amp;quot;Latitude_Of_Origin&amp;quot;,0.0],UNIT[&amp;quot;Meter&amp;quot;,1.0],AUTHORITY[&amp;quot;EPSG&amp;quot;,26915]]&lt;/WKT&gt;&lt;XOrigin&gt;-5120900&lt;/XOrigin&gt;&lt;YOrigin&gt;-9998100&lt;/YOrigin&gt;&lt;XYScale&gt;450445547.3910538&lt;/XYScale&gt;&lt;ZOrigin&gt;-100000&lt;/ZOrigin&gt;&lt;ZScale&gt;10000&lt;/ZScale&gt;&lt;MOrigin&gt;-100000&lt;/MOrigin&gt;&lt;MScale&gt;10000&lt;/MScale&gt;&lt;XYTolerance&gt;0.001&lt;/XYTolerance&gt;&lt;ZTolerance&gt;0.001&lt;/ZTolerance&gt;&lt;MTolerance&gt;0.001&lt;/MTolerance&gt;&lt;HighPrecision&gt;true&lt;/HighPrecision&gt;&lt;WKID&gt;26915&lt;/WKID&gt;&lt;LatestWKID&gt;26915&lt;/LatestWKID&gt;&lt;/ProjectedCoordinateSystem&gt;</peXml>
			</coordRef>
			<lineage>
				<Process ToolSource="C:\program files\arcgis\server\ArcToolbox\Toolboxes\Conversion Tools.tbx\FeatureClassToFeatureClass" Date="20190313" Time="002759">FeatureClassToFeatureClass /var/ftp/gdrs_temp/update\us_mn_state_pca\env_impaired_water_2018\fgdb\env_impaired_water_2018.gdb\impaired_2018_lakes_partiallywithinreservation /var/ftp/gdrs_temp/update\us_mn_state_pca\env_impaired_water_2018\shp impaired_2018_lakes_partiallywithinreservation.shp # "AUID "AUID" true true false 100 Text 0 0 ,First,#,/var/ftp/gdrs_temp/update\us_mn_state_pca\env_impaired_water_2018\fgdb\env_impaired_water_2018.gdb\impaired_2018_lakes_partiallywithinreservation,AUID,-1,-1;CAT "CAT" true true false 4 Text 0 0 ,First,#,/var/ftp/gdrs_temp/update\us_mn_state_pca\env_impaired_water_2018\fgdb\env_impaired_water_2018.gdb\impaired_2018_lakes_partiallywithinreservation,CAT,-1,-1;CAT_DESC "CAT_DESC" true true false 254 Text 0 0 ,First,#,/var/ftp/gdrs_temp/update\us_mn_state_pca\env_impaired_water_2018\fgdb\env_impaired_water_2018.gdb\impaired_2018_lakes_partiallywithinreservation,CAT_DESC,-1,-1;NAME "NAME" true true false 100 Text 0 0 ,First,#,/var/ftp/gdrs_temp/update\us_mn_state_pca\env_impaired_water_2018\fgdb\env_impaired_water_2018.gdb\impaired_2018_lakes_partiallywithinreservation,NAME,-1,-1;REACH_DESC "REACH_DESC" true true false 120 Text 0 0 ,First,#,/var/ftp/gdrs_temp/update\us_mn_state_pca\env_impaired_water_2018\fgdb\env_impaired_water_2018.gdb\impaired_2018_lakes_partiallywithinreservation,REACH_DESC,-1,-1;USE_CLASS "USE_CLASS" true true false 15 Text 0 0 ,First,#,/var/ftp/gdrs_temp/update\us_mn_state_pca\env_impaired_water_2018\fgdb\env_impaired_water_2018.gdb\impaired_2018_lakes_partiallywithinreservation,USE_CLASS,-1,-1;AREA_ACRES "LENGTH_AREA" true true false 4 Float 0 0 ,First,#,/var/ftp/gdrs_temp/update\us_mn_state_pca\env_impaired_water_2018\fgdb\env_impaired_water_2018.gdb\impaired_2018_lakes_partiallywithinreservation,AREA_ACRES,-1,-1;AFFECTED_U "AFFECTED_U" true true false 4000 Text 0 0 ,First,#,/var/ftp/gdrs_temp/update\us_mn_state_pca\env_impaired_water_2018\fgdb\env_impaired_water_2018.gdb\impaired_2018_lakes_partiallywithinreservation,AFFECTED_U,-1,-1;LIKE_MEET "LIKE_MEET" true true false 4000 Text 0 0 ,First,#,/var/ftp/gdrs_temp/update\us_mn_state_pca\env_impaired_water_2018\fgdb\env_impaired_water_2018.gdb\impaired_2018_lakes_partiallywithinreservation,LIKE_MEET,-1,-1;NON_POLL "NON_POLL" true true false 4000 Text 0 0 ,First,#,/var/ftp/gdrs_temp/update\us_mn_state_pca\env_impaired_water_2018\fgdb\env_impaired_water_2018.gdb\impaired_2018_lakes_partiallywithinreservation,NON_POLL,-1,-1;NAT_BACK "NAT_BACK" true true false 4000 Text 0 0 ,First,#,/var/ftp/gdrs_temp/update\us_mn_state_pca\env_impaired_water_2018\fgdb\env_impaired_water_2018.gdb\impaired_2018_lakes_partiallywithinreservation,NAT_BACK,-1,-1;ADD_MON "ADD_MON" true true false 4000 Text 0 0 ,First,#,/var/ftp/gdrs_temp/update\us_mn_state_pca\env_impaired_water_2018\fgdb\env_impaired_water_2018.gdb\impaired_2018_lakes_partiallywithinreservation,ADD_MON,-1,-1;APPROVED "APPROVED" true true false 4000 Text 0 0 ,First,#,/var/ftp/gdrs_temp/update\us_mn_state_pca\env_impaired_water_2018\fgdb\env_impaired_water_2018.gdb\impaired_2018_lakes_partiallywithinreservation,APPROVED,-1,-1;NEEDS_PLN "NEEDS_PLN" true true false 4000 Text 0 0 ,First,#,/var/ftp/gdrs_temp/update\us_mn_state_pca\env_impaired_water_2018\fgdb\env_impaired_water_2018.gdb\impaired_2018_lakes_partiallywithinreservation,NEEDS_PLN,-1,-1;IMP_PARAM "IMP_PARAM" true true false 4000 Text 0 0 ,First,#,/var/ftp/gdrs_temp/update\us_mn_state_pca\env_impaired_water_2018\fgdb\env_impaired_water_2018.gdb\impaired_2018_lakes_partiallywithinreservation,IMP_PARAM,-1,-1;NEW_IMPAIR "NEW_IMPAIR" true true false 4000 Text 0 0 ,First,#,/var/ftp/gdrs_temp/update\us_mn_state_pca\env_impaired_water_2018\fgdb\env_impaired_water_2018.gdb\impaired_2018_lakes_partiallywithinreservation,NEW_IMPAIR,-1,-1;HUC_8 "HUC_8" true true false 8 Text 0 0 ,First,#,/var/ftp/gdrs_temp/update\us_mn_state_pca\env_impaired_water_2018\fgdb\env_impaired_water_2018.gdb\impaired_2018_lakes_partiallywithinreservation,HUC_8,-1,-1;HUC_8_NAME "HUC_8_NAME" true true false 50 Text 0 0 ,First,#,/var/ftp/gdrs_temp/update\us_mn_state_pca\env_impaired_water_2018\fgdb\env_impaired_water_2018.gdb\impaired_2018_lakes_partiallywithinreservation,HUC_8_NAME,-1,-1;HUC_4 "HUC_4" true true false 4 Text 0 0 ,First,#,/var/ftp/gdrs_temp/update\us_mn_state_pca\env_impaired_water_2018\fgdb\env_impaired_water_2018.gdb\impaired_2018_lakes_partiallywithinreservation,HUC_4,-1,-1;BASIN "BASIN" true true false 40 Text 0 0 ,First,#,/var/ftp/gdrs_temp/update\us_mn_state_pca\env_impaired_water_2018\fgdb\env_impaired_water_2018.gdb\impaired_2018_lakes_partiallywithinreservation,BASIN,-1,-1;COUNTY "COUNTY" true true false 30 Text 0 0 ,First,#,/var/ftp/gdrs_temp/update\us_mn_state_pca\env_impaired_water_2018\fgdb\env_impaired_water_2018.gdb\impaired_2018_lakes_partiallywithinreservation,COUNTY,-1,-1;TRIBAL_INT "TRIBAL_INTERSECT_EXTENT" true true false 9 Text 0 0 ,First,#,/var/ftp/gdrs_temp/update\us_mn_state_pca\env_impaired_water_2018\fgdb\env_impaired_water_2018.gdb\impaired_2018_lakes_partiallywithinreservation,TRIBAL_INTERSECT_EXTENT,-1,-1;INDIAN_RES "INDIAN_RESERVATION" true true false 100 Text 0 0 ,First,#,/var/ftp/gdrs_temp/update\us_mn_state_pca\env_impaired_water_2018\fgdb\env_impaired_water_2018.gdb\impaired_2018_lakes_partiallywithinreservation,INDIAN_RESERVATION,-1,-1;AMMONIA "AMMONIA" true true false 4 Float 0 0 ,First,#,/var/ftp/gdrs_temp/update\us_mn_state_pca\env_impaired_water_2018\fgdb\env_impaired_water_2018.gdb\impaired_2018_lakes_partiallywithinreservation,AMMONIA,-1,-1;CHLORIDE "CHLORIDE" true true false 4 Float 0 0 ,First,#,/var/ftp/gdrs_temp/update\us_mn_state_pca\env_impaired_water_2018\fgdb\env_impaired_water_2018.gdb\impaired_2018_lakes_partiallywithinreservation,CHLORIDE,-1,-1;FISHESBIO "FISHESBIO" true true false 4 Float 0 0 ,First,#,/var/ftp/gdrs_temp/update\us_mn_state_pca\env_impaired_water_2018\fgdb\env_impaired_water_2018.gdb\impaired_2018_lakes_partiallywithinreservation,FISHESBIO,-1,-1;HG_F "HG_F" true true false 4 Float 0 0 ,First,#,/var/ftp/gdrs_temp/update\us_mn_state_pca\env_impaired_water_2018\fgdb\env_impaired_water_2018.gdb\impaired_2018_lakes_partiallywithinreservation,HG_F,-1,-1;HG_W "HG_W" true true false 4 Float 0 0 ,First,#,/var/ftp/gdrs_temp/update\us_mn_state_pca\env_impaired_water_2018\fgdb\env_impaired_water_2018.gdb\impaired_2018_lakes_partiallywithinreservation,HG_W,-1,-1;NUTRIENTS "NUTRIENTS" true true false 4 Float 0 0 ,First,#,/var/ftp/gdrs_temp/update\us_mn_state_pca\env_impaired_water_2018\fgdb\env_impaired_water_2018.gdb\impaired_2018_lakes_partiallywithinreservation,NUTRIENTS,-1,-1;PCB_F "PCB_F" true true false 4 Float 0 0 ,First,#,/var/ftp/gdrs_temp/update\us_mn_state_pca\env_impaired_water_2018\fgdb\env_impaired_water_2018.gdb\impaired_2018_lakes_partiallywithinreservation,PCB_F,-1,-1;PFOS_F "PFOS_F" true true false 4 Float 0 0 ,First,#,/var/ftp/gdrs_temp/update\us_mn_state_pca\env_impaired_water_2018\fgdb\env_impaired_water_2018.gdb\impaired_2018_lakes_partiallywithinreservation,PFOS_F,-1,-1;Shape_Leng "Shape_Leng" false true true 8 Double 0 0 ,First,#,/var/ftp/gdrs_temp/update\us_mn_state_pca\env_impaired_water_2018\fgdb\env_impaired_water_2018.gdb\impaired_2018_lakes_partiallywithinreservation,Shape_Length,-1,-1;Shape_Area "Shape_Area" false true true 8 Double 0 0 ,First,#,/var/ftp/gdrs_temp/update\us_mn_state_pca\env_impaired_water_2018\fgdb\env_impaired_water_2018.gdb\impaired_2018_lakes_partiallywithinreservation,Shape_Area,-1,-1" #</Process>
			</lineage>
		</DataProperties>
		<SyncDate>20190313</SyncDate>
		<SyncTime>00275900</SyncTime>
		<ModDate>20190313</ModDate>
		<ModTime>00275900</ModTime>
	</Esri>
	<spref>
		<horizsys>
			<planar>
				<planci>
					<plandu>meters</plandu>
				</planci>
			</planar>
			<geodetic>
				<horizdn>NAD83</horizdn>
				<ellips>GRS80</ellips>
			</geodetic>
		</horizsys>
	</spref>
	<dataIdInfo>
		<envirDesc Sync="TRUE">Microsoft Windows XP Professional x64 Edition Version 5.2 (Build 3790) Service Pack 2; Esri ArcGIS 10.4.1.5686</envirDesc>
		<dataLang>
			<languageCode value="en" Sync="TRUE"/>
			<countryCode value="US" Sync="TRUE"/>
		</dataLang>
		<idCitation>
			<resTitle Sync="TRUE">impaired_2018_lakes_partiallywithinreservation</resTitle>
			<presForm>
				<PresFormCd value="005" Sync="TRUE"/>
			</presForm>
		</idCitation>
		<spatRpType>
			<SpatRepTypCd value="001" Sync="TRUE"/>
		</spatRpType>
	</dataIdInfo>
	<mdLang>
		<languageCode value="en" Sync="TRUE"/>
		<countryCode value="US" Sync="TRUE"/>
	</mdLang>
	<distInfo>
		<distFormat>
			<formatName Sync="TRUE">Shapefile</formatName>
		</distFormat>
		<distTranOps>
			<transSize Sync="TRUE">0.000</transSize>
		</distTranOps>
	</distInfo>
	<mdHrLv>
		<ScopeCd value="005" Sync="TRUE"/>
	</mdHrLv>
	<mdHrLvName Sync="TRUE">dataset</mdHrLvName>
	<refSysInfo>
		<RefSystem>
			<refSysID>
				<identCode code="26915" Sync="TRUE"/>
				<idCodeSpace Sync="TRUE">EPSG</idCodeSpace>
				<idVersion Sync="TRUE">6.13(3.0.1)</idVersion>
			</refSysID>
		</RefSystem>
	</refSysInfo>
	<spatRepInfo>
		<VectSpatRep>
			<geometObjs Name="impaired_2018_lakes_partiallywithinreservation">
				<geoObjTyp>
					<GeoObjTypCd value="002" Sync="TRUE"/>
				</geoObjTyp>
				<geoObjCnt Sync="TRUE">0</geoObjCnt>
			</geometObjs>
			<topLvl>
				<TopoLevCd value="001" Sync="TRUE"/>
			</topLvl>
		</VectSpatRep>
	</spatRepInfo>
	<spdoinfo>
		<ptvctinf>
			<esriterm Name="impaired_2018_lakes_partiallywithinreservation">
				<efeatyp Sync="TRUE">Simple</efeatyp>
				<efeageom code="4" Sync="TRUE"/>
				<esritopo Sync="TRUE">FALSE</esritopo>
				<efeacnt Sync="TRUE">0</efeacnt>
				<spindex Sync="TRUE">FALSE</spindex>
				<linrefer Sync="TRUE">FALSE</linrefer>
			</esriterm>
		</ptvctinf>
	</spdoinfo>
	<mdDateSt Sync="TRUE">20190313</mdDateSt>
</metadata>
